epoch,apnea_prob,pred
0,0.0037501375435527846,0
1,0.00884056797749499,0
2,0.026406718432898144,0
3,0.3964581004368445,0
4,0.9293211604709272,1
5,0.001642557122566978,0
6,0.006113649780234753,0
7,0.04374099763261644,0
8,0.01634265564506884,0
9,0.019825047154548157,0
10,0.005016449538003928,0
11,0.009413379372422667,0
12,0.0185864715329131,0
13,0.9965887590543726,1
14,0.9990832587515364,1
15,0.9961041170627799,1
16,0.9997505001792834,1
17,0.9967329540472428,1
18,0.9970630611435016,1
19,0.9977106316766783,1
20,0.9990156809026007,1
21,0.9994691485604418,1
22,0.9981199514714622,1
23,0.9990672515118778,1
24,0.8338866511980874,1
25,0.9992517092705736,1
26,0.999742182827328,1
27,0.9994559942434087,1
28,0.9998959252932044,1
29,0.9992770100680614,1
30,0.9986527552106784,1
31,0.999535770613405,1
32,0.9995052600484984,1
33,0.9985720156684259,1
34,0.9998546730351034,1
35,0.9996532207051365,1
36,0.9990950735439065,1
37,0.9996133704255706,1
38,0.9957383747513505,1
39,0.9998404270756386,1
40,0.9997507948406252,1
41,0.9998712466305644,1
42,0.9998311933732312,1
43,0.9998951386460552,1
44,0.9998717778289731,1
45,0.9999453782707056,1
46,0.9998924897246251,1
47,0.9999058114728064,1
48,0.9999546809166806,1
49,0.9997955252692071,1
50,0.9998828072125321,1
51,0.9997635786476755,1
52,0.9995240325466426,1
53,0.9998457524831795,1
54,0.9993385235989782,1
55,0.9997997801130813,1
56,0.9996795612460756,1
57,0.9998760838741015,1
58,0.9997295719862578,1
59,0.9998180657292687,1
60,0.9998664267976847,1
61,0.9999084442596818,1
62,0.9997954761513427,1
63,0.9998478948817214,1
64,0.9998474969378872,1
65,0.9996455739813193,1
66,0.9997586216512723,1
67,0.9996804725077,1
68,0.9998734455902538,1
69,0.9999367530854181,1
70,0.998897469734642,1
71,0.9999005169422004,1
72,0.9987370080590984,1
73,0.9997636414280507,1
74,0.9996673701708096,1
75,0.9997200552450194,1
76,0.9998589279121666,1
77,0.9974840322894911,1
78,0.9948486356777129,1
79,0.999878260996103,1
80,0.9995631660406408,1
81,0.9993055793687696,1
82,0.9998273147540863,1
83,0.9998519458924704,1
84,0.999827805966239,1
85,0.9951722740831128,1
86,0.9971620302432941,1
87,0.9997127715243728,1
88,0.999817164619634,1
89,0.9989399616174593,1
90,0.9993111860349438,1
91,0.9710244370220439,1
92,0.9998143251216284,1
93,0.999933652571693,1
94,0.9987826120709357,1
95,0.9999070003947007,1
96,0.9999044284136549,1
97,0.9998472724447482,1
98,0.9998845554994948,1
99,0.9998869166152643,1
100,0.9998887831546414,1
101,0.9998937069010844,1
102,0.9999097068488334,1
103,0.9996931946692038,1
104,0.9993431900143191,1
105,0.9996562095803442,1
106,0.9998682052059731,1
107,0.9999098592899608,1
108,0.9998859353904658,1
109,0.9997565425851772,1
110,0.9998760988538526,1
111,0.9997234450378296,1
112,0.9986799498371298,1
113,0.9997567805534161,1
114,0.99988931222376,1
115,0.9998910321172413,1
116,0.9996366894662073,1
117,0.9998021033461991,1
118,0.9998936269670898,1
119,0.9998058324445844,1
120,0.9998357769428947,1
121,0.9998611004180943,1
122,0.9998599320847891,1
123,0.9990167812815813,1
124,0.999597498725464,1
125,0.999907461886885,1
126,0.9963209124423137,1
127,0.9997952142325625,1
128,0.9979175733589148,1
129,0.9996691949748923,1
130,0.9997173447003581,1
131,0.9997327769514811,1
132,0.9996234491759876,1
133,0.9999027324847404,1
134,0.9998569981169454,1
135,0.9997636874851421,1
136,0.9998535897539197,1
137,0.9997249842330473,1
138,0.9998893213540436,1
139,0.9993706493335248,1
140,0.9997496038075573,1
141,0.999820256918626,1
142,0.9842583829570912,1
143,0.9999025175339414,1
144,0.9998843454741334,1
145,0.9999297612306811,1
146,0.9998546121694268,1
147,0.9998385517655649,1
148,0.9988294311560423,1
149,0.9998526983863969,1
150,0.9998681999603548,1
151,0.999233552508111,1
152,0.9995317685472122,1
153,0.9998606118124783,1
154,0.9998679365989218,1
155,0.999835082740109,1
156,0.9998465981804974,1
157,0.9988150143475869,1
158,0.9995532544839505,1
159,0.9875756243714795,1
160,0.999820426152347,1
161,0.9989568241899496,1
162,0.9997590598525926,1
163,0.9995643521638028,1
164,0.9993370419959998,1
165,0.9996192990172479,1
166,0.9997981151565106,1
167,0.9994241760668119,1
168,0.9994892057801178,1
169,0.9992193991415111,1
170,0.9999403717117381,1
171,0.9997446701409085,1
172,0.9999228839494255,1
173,0.9999328938038088,1
174,0.999904036230626,1
175,0.9997990825081298,1
176,0.9998593663900468,1
177,0.999881381626226,1
178,0.9996919262246146,1
179,0.9998616966371995,1
180,0.9997366630480435,1
181,0.9998418158787523,1
182,0.9997786338988642,1
183,0.9996331398477032,1
184,0.9995399747121054,1
185,0.9998868656372338,1
186,0.9998491766341319,1
187,0.9998284885353517,1
188,0.9995760752861835,1
189,0.9996558282207049,1
190,0.9994653516697032,1
191,0.9997328268268015,1
192,0.9999167085466016,1
193,0.9979039596759307,1
194,0.9998016784100804,1
195,0.9999248473247384,1
196,0.9997849492749805,1
197,0.9999186574101874,1
198,0.9998374687877023,1
199,0.9998616671307845,1
200,0.9996792962491979,1
201,0.9980002571062205,1
202,0.9997572734679554,1
203,0.9999278442694184,1
204,0.9979405970396187,1
205,0.9998718129547931,1
206,0.9986562266923489,1
207,0.9999309600701501,1
208,0.9999316632608068,1
209,0.9997273621321802,1
210,0.9995551797574374,1
211,0.9996895133758804,1
212,0.99983115360669,1
213,0.9997660061963703,1
214,0.9995143871140806,1
215,0.9998332154677081,1
216,0.9993496285243991,1
217,0.9994585808815503,1
218,0.9999367212280198,1
219,0.9986749519962602,1
220,0.999858310553643,1
221,0.9998834900993069,1
222,0.999851682829658,1
223,0.99985105986148,1
224,0.9996769959919539,1
225,0.9999559786853093,1
226,0.9922259025140735,1
227,0.033272828463110526,0
228,0.029186226937696194,0
229,0.017031646050350305,0
230,0.9971827976786676,1
231,0.9997293720304052,1
232,0.9991773828340142,1
233,0.9963135662548932,1
234,0.9998079493157093,1
235,0.9887348042966149,1
236,0.9977658135467418,1
237,0.9993170528036133,1
238,0.9998155142136745,1
239,0.9994248557406684,1
240,0.999397212296862,1
241,0.9988347838631947,1
242,0.9989980059860087,1
243,0.9994675550667244,1
244,0.9994749278063608,1
245,0.9987071215262954,1
246,0.998347700332978,1
247,0.9997565647395723,1
248,0.9995051584088087,1
249,0.9995799327414238,1
250,0.9995204119993776,1
251,0.9996823601827547,1
252,0.9985936070437166,1
253,0.998072155666432,1
254,0.9997595282831505,1
255,0.9996065829902632,1
256,0.9996297798609263,1
257,0.9999148196639704,1
258,0.9997378329826413,1
259,0.9997218063532296,1
260,0.9998634528618309,1
261,0.9902174861833716,1
262,0.99960619202575,1
263,0.9992075383730846,1
264,0.9997099168745173,1
265,0.9994807999690045,1
266,0.999017864984594,1
267,0.999857110337099,1
268,0.9997992277987116,1
269,0.9997271126005493,1
270,0.9984771080449864,1
271,0.9995539890385878,1
272,0.9997244750753488,1
273,0.9998261675739909,1
274,0.9999152901117394,1
275,0.9997110413420986,1
276,0.9998856406007278,1
277,0.9992737078003588,1
278,0.9997419521064385,1
279,0.9991411117969085,1
280,0.9984267734892835,1
281,0.9852054117097169,1
282,0.9991940874308879,1
283,0.9496277931253742,1
284,0.9997405196500628,1
285,0.9993902989061544,1
286,0.9998548746304602,1
287,0.9999354075295211,1
288,0.999888035981889,1
289,0.9998106717965168,1
290,0.9999190926503243,1
291,0.9998232700313177,1
292,0.9998426225543088,1
293,0.999721983193438,1
294,0.9998786797013187,1
295,0.9999467761849237,1
296,0.9997701396116299,1
297,0.9997835279192293,1
298,0.9998397477112474,1
299,0.9999437990239262,1
300,0.9999253637505262,1
301,0.999938379997491,1
302,0.9998535753761436,1
303,0.9997622206292004,1
304,0.9999403243528717,1
305,0.9980096177438177,1
306,0.9997640795718026,1
307,0.9993949665854714,1
308,0.9998470347244707,1
309,0.9992342186112377,1
310,0.9996437280036199,1
311,0.9998446395521927,1
312,0.9990431287239553,1
313,0.9974918003765533,1
314,0.9996924384884714,1
315,0.9998488710699431,1
316,0.9928655989901616,1
317,0.9997108664782726,1
318,0.9993670753752677,1
319,0.9998629013525131,1
320,0.9999369306181717,1
321,0.9997836604120992,1
322,0.9998070805382396,1
323,0.9989707367114061,1
324,0.9992642091418615,1
325,0.9983181289000446,1
326,0.9986471615860013,1
327,0.9994385102537511,1
328,0.9997589405778738,1
329,0.9982897070349381,1
330,0.9996504496146484,1
331,0.9996972493511878,1
332,0.9996791363425295,1
333,0.9999193682737538,1
334,0.999715237561462,1
335,0.9998677686886065,1
336,0.9997676351431136,1
337,0.9966221422170642,1
338,0.9998951319691483,1
339,0.9999105187744161,1
340,0.9998414170674185,1
341,0.9994361570273351,1
342,0.9996321935913371,1
343,0.995076618445128,1
344,0.999776066134618,1
345,0.9987386573129032,1
346,0.9998898429190235,1
347,0.9998920037912148,1
348,0.9998709401573354,1
349,0.9999047663874197,1
350,0.9998640345588449,1
351,0.9998987514465868,1
352,0.030221895220828687,0
353,0.03164953943788468,0
354,0.9998410767632347,1
355,0.9997308997462118,1
356,0.9991554093958313,1
357,0.9982766863851206,1
358,0.9997036349665459,1
359,0.9997283634878137,1
360,0.9978055219502163,1
361,0.9997165289793627,1
362,0.999385540880605,1
363,0.9997336001527691,1
364,0.998408095452569,1
365,0.9984923031411693,1
366,0.9991092761209273,1
367,0.9970136114778922,1
368,0.9989187233894584,1
369,0.9995751576555288,1
370,0.9996451774287498,1
371,0.9993533936573342,1
372,0.9985266613898848,1
373,0.999191790245284,1
374,0.9994959761736515,1
375,0.9997442765385466,1
376,0.9993271973554793,1
377,0.9996895013190481,1
378,0.999705895183196,1
379,0.9998123868952806,1
380,0.9998709411030006,1
381,0.9996726132567044,1
382,0.9995461158734869,1
383,0.9998788696353184,1
384,0.9998109460187019,1
385,0.9990690440724201,1
386,0.999871177250809,1
387,0.9993706475147947,1
388,0.999694835853944,1
389,0.9998501813489281,1
390,0.99893873132632,1
391,0.9998614168838195,1
392,0.9998139090745926,1
393,0.9997719501614424,1
394,0.9996618385825318,1
395,0.9998736689414649,1
396,0.999730942304256,1
397,0.999646718657274,1
398,0.9997856458802626,1
399,0.9932230238381251,1
400,0.9998442287372622,1
401,0.999748620291707,1
402,0.9996182968540617,1
403,0.9997039367418143,1
404,0.9998691442090077,1
405,0.999920298993558,1
406,0.9994082430733322,1
407,0.9998558553278257,1
408,0.9997546230049579,1
409,0.9997558888127687,1
410,0.9987441165795714,1
411,0.9997228065456033,1
412,0.9997324630933552,1
413,0.9998879950509215,1
414,0.99987120673565,1
415,0.9994471661093353,1
416,0.9998680252782667,1
417,0.9998813394633695,1
418,0.9998765329408348,1
419,0.9998106782729808,1
420,0.9998604294215047,1
421,0.9999101345556283,1
422,0.9996235110909276,1
423,0.9996780303465062,1
424,0.9998480070892515,1
425,0.9998179579263067,1
426,0.9997523456377188,1
427,0.9999508502649136,1
428,0.9999177991664174,1
429,0.9999296227585298,1
430,0.9998905723154428,1
431,0.9999193571342245,1
432,0.9998396443538773,1
433,0.9978721266422161,1
434,0.9997726468177011,1
435,0.9997257821323515,1
436,0.999765627729847,1
437,0.9999236402842504,1
438,0.9999198081714236,1
439,0.9999271013913817,1
440,0.9997962657167013,1
441,0.9930828034169095,1
442,0.9994008365337155,1
443,0.999862693163403,1
444,0.9992922849747482,1
445,0.9997792098392293,1
446,0.9998755570006196,1
447,0.9996128330389004,1
448,0.9908274000543756,1
449,0.9999397839575835,1
450,0.9998986528370267,1
451,0.9994751124565882,1
452,0.9991645813107843,1
453,0.9988465111308538,1
454,0.9999429356714732,1
455,0.996778768852957,1
456,0.9998261537861527,1
457,0.9999315944564877,1
458,0.9997535116219288,1
459,0.9998703273656806,1
460,0.9999124009839611,1
461,0.9998081724168005,1
462,0.999894752713144,1
463,0.9999013610275217,1
464,0.9999577380492802,1
465,0.9998307139042687,1
466,0.9999456011694011,1
467,0.9999038559933092,1
468,0.9998701704228796,1
469,0.9998000924746038,1
470,0.9998815019769637,1
471,0.9999124723465065,1
472,0.9996392874662162,1
473,0.9998164065165138,1
474,0.9998651359236393,1
475,0.9998792015628972,1
476,0.9995516698984472,1
477,0.9999101694485379,1
478,0.9999160185422811,1
479,0.9998247725837871,1
480,0.9998191151684226,1
481,0.9997456077182305,1
482,0.9998737427217059,1
483,0.9998469906061194,1
484,0.999682640683007,1
485,0.9996169016859676,1
486,0.9993119580223762,1
487,0.999735635872953,1
488,0.9997082706435698,1
489,0.0017897951500766716,0
490,0.0007145929732498711,0
491,0.0069855422571810915,0
492,0.004568029268329933,0
493,0.015847640043045175,0
494,0.003179062069168933,0
495,0.013100040655347377,0
496,0.0037216022614202458,0
497,0.01197315386301737,0
498,0.004135167170744515,0
499,0.0004401737637877072,0
500,0.005203175855374335,0
501,0.0005941687049665027,0
502,0.00017162982900614,0
503,0.0007202438752197376,0
504,0.23371987666598357,0
505,0.007479802765257182,0
506,0.00019866418709527117,0
507,0.00046059511085099093,0
508,0.0022672903372223385,0
509,0.015421346432614946,0
510,0.999178071050871,1
511,0.9992380075286896,1
512,0.9992924122748621,1
513,0.9998418317428404,1
514,0.9987544246266526,1
515,0.9518854650545323,1
516,0.9996095521271202,1
517,0.9993997951908014,1
518,0.998257226994452,1
519,0.9890828917908132,1
520,0.9997808920947117,1
521,0.9995665824039989,1
522,0.997559939228403,1
523,0.9999825711602529,1
524,0.999927994261626,1
525,0.9999785971247661,1
526,0.9999760107760814,1
527,0.9993330113262736,1
528,0.9999142547558533,1
529,0.9996908035125427,1
530,0.9999532676347187,1
531,0.9999511728095035,1
532,0.9997436052044046,1
533,0.9998861543459053,1
534,0.9996223917425955,1
535,0.9998044168943028,1
536,0.9982206867447982,1
537,0.9979982811789271,1
538,0.9999431796676262,1
539,0.9999190511763346,1
540,0.999927434344778,1
541,0.9999628361768961,1
542,0.9999783072515374,1
543,0.9988565767738004,1
544,0.9998915904745467,1
545,0.9936099664884125,1
546,0.9998464530648745,1
547,0.8500742132187195,1
548,0.9998863469391679,1
549,0.9991457169840092,1
550,0.9999180859806235,1
551,0.9985989319684191,1
552,0.9995275849252901,1
553,0.9999582819436792,1
554,0.9999726994283482,1
555,0.999963604533695,1
556,0.9997315587308345,1
557,0.9998815946944584,1
558,0.999967414526958,1
559,0.9989387707560123,1
560,0.9944299642695468,1
561,0.9995072948567356,1
562,0.9999820361804955,1
563,0.9996069872413588,1
564,0.999853349763592,1
565,0.9999767696162457,1
566,0.9999691468963712,1
567,0.9999081907073403,1
568,0.9999755801607281,1
569,0.9999625469554393,1
570,0.9997358724838769,1
571,0.9999109317075534,1
572,0.9982615334255537,1
573,0.9984680876337368,1
574,0.9999303359514208,1
575,0.9999069324545247,1
576,0.9997975300828557,1
577,0.9995242370705139,1
578,0.9999811728754788,1
579,0.9988212938053133,1
580,0.999938411006987,1
581,0.9999467347647835,1
582,0.9987447220397074,1
583,0.999938096178106,1
584,0.999979420232079,1
585,0.9998474413995686,1
586,0.9999770004045121,1
587,0.9998456745326316,1
588,0.998239675037827,1
589,0.9980651178505757,1
590,0.9998921310220706,1
591,0.9999786185169106,1
592,0.999952384047208,1
593,0.9999681034315799,1
594,0.9999097445580731,1
595,0.9999790414474108,1
596,0.9999526749394371,1
597,0.9999765447967959,1
598,0.9999759559267472,1
599,0.9999831488116258,1
600,0.9999108034184103,1
601,0.9999584264165593,1
602,0.999985473814682,1
603,0.9998411889863549,1
604,0.9997317139936727,1
605,0.9999755945459147,1
606,0.9981808397509764,1
607,0.9999783813543808,1
608,0.9999277637646063,1
609,0.9999745947096047,1
610,0.9999716750953825,1
611,0.9999319028434479,1
612,0.9999651212449892,1
613,0.9999679237282811,1
614,0.9996472833439293,1
615,0.9999121461416598,1
616,0.9993243557216448,1
617,0.9998022945665739,1
618,0.9967839461345346,1
619,0.006876282918707265,0
620,0.0129798823998076,0
621,0.000171866743722493,0
622,0.00020552820340721448,0
623,0.00014245193074284028,0
624,0.0003758994791855639,0
625,0.00026260153315128294,0
626,0.0001842944849424937,0
627,0.0002786630094668294,0
628,0.000227732074897629,0
629,0.0007252954189124512,0
630,0.0007753685655870173,0
631,0.0005053338857121384,0
632,0.00016086860775782407,0
633,0.0005251341769375046,0
634,0.00014672637546220567,0
635,0.00015377415550926925,0
636,0.0001325774651804338,0
637,0.0006323529709499506,0
638,0.00028237896673144084,0
639,0.0001359163524048192,0
640,7.559362056255877e-05,0
641,0.0007491008895967248,0
642,0.000349943932388025,0
643,5.491939396874883e-05,0
644,3.301490428412197e-05,0
645,0.2592655100234804,0
646,7.498321682532826e-05,0
647,0.0001389901717215216,0
648,2.007529717582935e-05,0
649,3.930664806406539e-05,0
650,1.3965567945788925e-05,0
651,1.5257200587250238e-05,0
652,4.609657299111796e-05,0
653,0.0011037001718680337,0
654,3.656768932847561e-05,0
655,2.7099340352576203e-05,0
656,0.001235574179119418,0
657,0.0004891288951452553,0
658,7.247804303686279e-05,0
659,0.00127521086249226,0
660,4.6908321829014046e-05,0
661,0.0008005490694757603,0
662,3.338752288106886e-05,0
663,0.0017678807820631134,0
664,0.022639411470341438,0
665,0.5563282251475868,1
666,0.9882615155432297,1
667,0.9762559953178792,1
668,0.9988167583738453,1
669,0.9943070743545835,1
670,0.9970982734841878,1
671,0.9920508288166136,1
672,0.9885677131956293,1
673,0.45164181538305276,0
674,0.5712054128289641,1
675,0.9979718703839581,1
676,0.9923080154608903,1
677,0.9873825245683661,1
678,0.9963750479687938,1
679,0.998524641047148,1
680,0.9997455730937255,1
681,0.9996969468844649,1
682,0.9995559612710254,1
683,0.999673741163701,1
684,0.9998273341106094,1
685,0.9992731289433925,1
686,0.9945325537567307,1
687,0.9998868484785419,1
688,0.9995896240222393,1
689,0.9970792445739233,1
690,0.00899721997085821,0
691,0.003893176549566429,0
692,0.0001790358418011726,0
693,0.00030157491561127173,0
694,0.000544216839918858,0
695,0.018699010978754694,0
696,0.9941458505088652,1
697,0.9932782620298402,1
698,0.9977094403254402,1
699,0.9998443291015354,1
700,0.9999502632797238,1
701,0.9987327511311777,1
702,0.999859496605917,1
703,0.999940701759813,1
704,0.9990661778046431,1
705,0.9999707961920579,1
706,0.9938014791472516,1
707,0.9998840702737004,1
708,0.999902800268618,1
709,0.9998615883152487,1
710,0.9958775168172088,1
711,0.9997134328018189,1
712,0.9999157748456111,1
713,0.8778913042421631,1
714,0.9999428362190763,1
715,0.99890857184313,1
716,0.9971525082963749,1
717,0.9991019395546398,1
718,0.9953018190003975,1
719,0.9954131167249862,1
720,0.9999695505867834,1
721,0.9988601386362111,1
722,0.9996667621494412,1
723,0.9998228725190671,1
724,0.9997915476593127,1
725,0.9999770942015245,1
726,0.9998995534520917,1
727,0.9996495330263477,1
728,0.9997869675680207,1
729,0.999934742285823,1
730,0.9985993415808976,1
731,0.9999211353014282,1
732,0.9999843564840966,1
733,0.9999441967647954,1
734,0.9999040038655631,1
735,0.9998089735242213,1
736,0.9998824469375702,1
737,0.9999253400491442,1
738,0.9998331353390166,1
739,0.9999248698116457,1
740,0.9996900911559434,1
741,0.9999694090203067,1
742,0.999940013545224,1
743,0.9998714872160495,1
744,0.9998606828610572,1
745,0.9999761057068248,1
746,0.9999513573569224,1
747,0.9995841927460736,1
748,0.9896247938095787,1
749,0.9987623422420169,1
750,0.9988785843960198,1
751,0.9995874020067089,1
752,0.9993021415697566,1
753,0.9999068671336699,1
754,0.9423918986383533,1
755,0.012305589350382057,0
756,0.007902125366093018,0
757,0.9007305538592097,1
758,0.017638462155115057,0
759,0.99987610076456,1
760,0.9998866557968432,1
761,0.993929557380675,1
762,0.9985265528876601,1
763,0.9999520093577869,1
764,0.9991235223534626,1
765,0.9997689106149914,1
766,0.9999644384358152,1
767,0.999946640273421,1
768,0.9999172047156861,1
769,0.9985377594632434,1
770,0.997093925458817,1
771,0.018725152692994736,0
772,0.0026328320820391254,0
773,0.0754946243870873,0
774,0.0006159782665292095,0
775,0.0019935374354892936,0
776,0.011703702592313082,0
777,0.993406144527725,1
778,0.9991645411879324,1
779,0.9958769754477008,1
780,0.9982097161731677,1
781,0.992506584964029,1
782,0.9946713603608545,1
783,0.9981814830936699,1
784,0.0038122831917254134,0
785,0.02820712038017616,0
786,0.9951705205296527,1
787,0.999111544029398,1
788,0.9994648132958991,1
789,0.9974287829721415,1
790,0.9991396833797853,1
791,0.996077594226793,1
792,0.9957808010140599,1
793,0.9949353686098527,1
794,0.9939702605846505,1
795,0.8771126191710039,1
796,0.9943695500253107,1
797,0.028410734721135998,0
798,0.005061557484453103,0
799,0.007068761595774888,0
800,0.017209381944321322,0
801,0.9999520276962228,1
802,0.9978701694075807,1
803,0.9997957471918028,1
804,0.999957162804762,1
805,0.9999526406760815,1
806,0.9998957784062398,1
807,0.9999681086107411,1
808,0.9999208378821929,1
809,0.99988356090616,1
810,0.9999339868729245,1
811,0.9999590338292865,1
812,0.9999188137609888,1
813,0.9999053133194447,1
814,0.9946583587802139,1
815,0.006024029030374461,0
816,0.0018870549059566396,0
817,0.02091335385453871,0
818,0.9995107111643995,1
819,0.9990445109513969,1
820,0.9985100444930938,1
821,0.9978100838942363,1
822,0.9996385824305939,1
823,0.9966699770341904,1
824,0.997779283864783,1
825,0.9982405033431503,1
826,0.994390378437051,1
827,0.9962254730942425,1
828,0.9978631644619637,1
829,0.9968300129904162,1
830,0.9975629368574095,1
831,0.9996995117380373,1
832,0.9920797068089533,1
833,0.999342202269545,1
834,0.9964261692153826,1
835,0.9957628011458161,1
836,0.9993743982453176,1
837,0.9999346830879489,1
838,0.9999274334720682,1
839,0.995247367555153,1
840,0.9973252928517086,1
841,0.9925212850154175,1
842,0.9904504534224714,1
843,0.9956151069285283,1
844,0.9979123807750082,1
845,0.9917069640771727,1
846,0.9995542716820934,1
847,0.9998568401498398,1
848,0.9988731906786253,1
849,0.9994971760168224,1
850,0.9990289241767809,1
851,0.9981298175404795,1
852,0.99964745472279,1
853,0.9996750765520189,1
854,0.9998155283071364,1
855,0.9965576928643197,1
856,0.9990202083390102,1
857,0.9966575585091655,1
858,0.9995461379755812,1
859,0.9904630029257626,1
860,0.995204572593436,1
861,0.9997681490239735,1
862,0.9889344066733289,1
863,0.9986036032336768,1
864,0.9996252585232238,1
865,0.9961799188093704,1
866,0.9801276931368935,1
867,0.995998580011498,1
868,0.9998357991975526,1
869,0.999750989949711,1
870,0.9964033681220412,1
871,0.9964750754598461,1
872,0.9971619074556474,1
873,0.9998410857360168,1
874,0.999723062540073,1
875,0.9976519707989713,1
876,0.9992891247794549,1
877,0.998434891594809,1
878,0.03221296962480165,0
879,0.01364430090969107,0
880,0.015893037249543943,0
881,0.9909330850259424,1
882,0.9951246144180406,1
883,0.8782055975992012,1
884,0.9898325891279409,1
885,0.9959192579409718,1
886,0.9952550286293529,1
887,0.997391262749543,1
888,0.9998293267356249,1
889,0.9999519088343982,1
890,0.9999116598242118,1
891,0.9994601809074025,1
892,0.9998984647902206,1
893,0.9997680867581261,1
894,0.9999467786610907,1
895,0.9999074601159903,1
896,0.999419489053042,1
897,0.9998154131078872,1
898,0.9843772082727019,1
899,0.9998953276233189,1
900,0.9998627451572919,1
901,0.9999626683819133,1
902,0.9998180304892083,1
903,0.9997565241881154,1
904,0.9995728080753539,1
905,0.9982594976285507,1
906,0.999754563711869,1
907,0.9993692575829753,1
908,0.9998711804956925,1
909,0.9995245050501613,1
910,0.9997589802758134,1
911,0.9989391370055395,1
912,0.9996790196912114,1
913,0.9988690925928442,1
914,0.999747147183065,1
915,0.999953602889363,1
916,0.9999218333558448,1
917,0.9998049331495913,1
918,0.9997797338218045,1
919,0.9998895909847059,1
920,0.9922404517271898,1
921,0.9838489310881329,1
922,0.006597751474698308,0
923,0.9971481158941775,1
924,0.06811218146820974,0
925,0.9747285859537665,1
926,0.9965858585815134,1
927,0.9980619904006454,1
928,0.9992042204312738,1
929,0.9951425874567772,1
930,0.9901651812485798,1
931,0.9942417242362555,1
932,0.995124290943702,1
933,0.9974789337586328,1
934,0.9995890937827743,1
935,0.9965221330057279,1
936,0.999135370828625,1
937,0.7348131019139108,1
938,0.9970895724854556,1
939,0.9994728665547998,1
940,0.9992639827199767,1
941,0.9995886953723699,1
942,0.9999115140460244,1
943,0.9999035803641867,1
944,0.9965377166406384,1
945,0.998693080025464,1
946,0.9986626976044478,1
947,0.9992022553989773,1
948,0.9993547528282802,1
949,0.9989407362285592,1
950,0.9944309539589178,1
951,0.9936523641669986,1
952,0.9966192087294529,1
953,0.9977531738917771,1
954,0.9803076708183559,1
955,0.999575702622664,1
956,0.9858747208497577,1
957,0.998900916164894,1
958,0.9988881880134298,1
959,0.9997815846888464,1
960,0.9998243980864547,1
961,0.999847496046185,1
962,0.9998873906461744,1
963,0.9997970273457186,1
964,0.9983607562724843,1
965,0.9994323034118858,1
966,0.9999016165047855,1
967,0.9995185211101039,1
968,0.9998260672550254,1
969,0.9989589565149652,1
970,0.9997422889808428,1
971,0.9996182420366706,1
972,0.9999629391346636,1
973,0.9997563802730898,1
974,0.9999493291298234,1
975,0.9975722527000175,1
976,0.9987756274711123,1
977,0.9973300957226249,1
978,0.9969327367869055,1
979,0.9879243825040731,1
980,0.9989157332096388,1
981,0.9951746170055884,1
982,0.9894926299634776,1
983,0.99952896440196,1
984,0.9977666640992587,1
985,0.999904795804594,1
986,0.9998769325672628,1
987,0.9975044654202317,1
988,0.9772628108196532,1
989,0.00867053537855463,0
990,0.11790203739484613,0
991,0.025422447866793742,0
992,0.013082632551241643,0
993,0.03681051112220235,0
994,0.023713354145875915,0
995,0.027550132724488235,0
996,0.9983294306916273,1
997,0.9941791337572363,1
998,0.9910256379681138,1
999,0.9955971810569307,1
1000,0.9918558288737516,1
1001,0.9923590439867531,1
1002,0.9977522600920582,1
1003,0.992558201539713,1
1004,0.9988652213536975,1
1005,0.9973743058873368,1
1006,0.9956088778129536,1
1007,0.9994916616985211,1
1008,0.9991833655317965,1
1009,0.9979548548819384,1
1010,0.9973182289655099,1
1011,0.9993319633487466,1
1012,0.9988227043706701,1
1013,0.9998863026084618,1
1014,0.999555903762602,1
1015,0.9999763645067674,1
1016,0.9971025348112488,1
1017,0.00014380286813772266,0
1018,0.016514697087964793,0
1019,0.007819031969011469,0
1020,0.2626564190407936,0
1021,0.03060445133772238,0
1022,0.0034617912206857965,0
1023,0.31481643106451074,0
1024,0.017008036455247177,0
1025,0.02811585915073202,0
1026,0.008969962306372897,0
1027,0.09458949134071908,0
1028,0.004979679237058997,0
1029,0.02272221727017027,0
1030,0.728398815368512,1
1031,0.9889504455978549,1
1032,0.9981244740516433,1
1033,0.9985633118752992,1
1034,0.9998382443958282,1
1035,0.9974125838625224,1
1036,0.9988506896697402,1
1037,0.9980056636304446,1
1038,0.9960895540615178,1
1039,0.999162912119851,1
1040,0.9995547089426854,1
1041,0.9994667505550778,1
1042,0.9996955994823511,1
1043,0.9989202968867893,1
1044,0.9998635053987548,1
1045,0.9847611454213844,1
1046,0.9997980325723324,1
1047,0.9977869347790244,1
1048,0.9994194778712455,1
1049,0.9965323217390112,1
1050,0.9998280692878131,1
1051,0.9999257851449458,1
1052,0.999694699429052,1
1053,0.9987526292898937,1
1054,0.999287592194373,1
1055,0.9996592112413716,1
1056,0.9995570426779934,1
1057,0.999903266059341,1
1058,0.9998332239261332,1
1059,0.9995081201648497,1
1060,0.9998536329646558,1
1061,0.9990553631575908,1
1062,0.9998547339381811,1
1063,0.9989128250472323,1
1064,0.9989575519093751,1
1065,0.9998050512377373,1
1066,0.9997600090668516,1
1067,0.9998198510029765,1
1068,0.9998599456186529,1
1069,0.9999098585263918,1
1070,0.9999054554921105,1
1071,0.9968698839982554,1
1072,0.9978607107035071,1
1073,0.9995698239053861,1
1074,0.9975909586377406,1
1075,0.9965703577639489,1
1076,0.9525178911196468,1
1077,0.000686290524168623,0
1078,0.00033935722512148106,0
1079,0.0006032277927496535,0
1080,0.00015737094916971095,0
1081,9.939952835491916e-05,0
1082,0.0003248938162257513,0
1083,0.00010084749122065109,0
1084,2.0967219022525313e-05,0
1085,3.01295691545104e-05,0
1086,1.4818784325412985e-05,0
1087,0.00022458151995840702,0
1088,3.232959491440644e-05,0
1089,2.6914757239207018e-05,0
1090,1.7544620839927157e-05,0
1091,0.0006551432754376499,0
1092,9.511812706128281e-05,0
1093,0.00020802734562517684,0
1094,0.00041959352340519126,0
1095,8.664362690168711e-05,0
1096,0.00010530484853612969,0
1097,0.00041495659832822406,0
1098,0.00012569439336357135,0
1099,5.845193527445731e-05,0
1100,0.0010477637631223047,0
1101,0.00016222164872175873,0
1102,0.0005788963166571191,0
1103,0.00017281816095327058,0
1104,4.00414101584725e-05,0
1105,4.885480579284907e-05,0
1106,0.0004108768262569153,0
1107,0.0039023806528968026,0
1108,0.0014576621328900512,0
1109,0.002375681120617736,0
1110,0.00476360126703864,0
1111,0.001160535341606256,0
1112,0.0002599044323936644,0
1113,0.001527770607940982,0
1114,0.00037065170830073404,0
1115,7.472435043652599e-05,0
1116,0.00016630700027939216,0
1117,0.00021018994911197212,0
1118,0.012882681165228763,0
1119,0.0012545294409984184,0
1120,0.004119557933459747,0
1121,0.07944419757848574,0
1122,0.9980725509598928,1
1123,0.9885418358666934,1
1124,0.9924802380034479,1
1125,0.9998087396889828,1
1126,0.9995911138559374,1
1127,0.9966670730624066,1
1128,0.9997566885090855,1
1129,0.999876301237807,1
1130,0.9978569174151906,1
1131,0.999618128068626,1
1132,0.9998632791811533,1
1133,0.9998950237794256,1
1134,0.9996617528628405,1
1135,0.9999421452800509,1
1136,0.9999044984715294,1
1137,0.9998940240127768,1
1138,0.9998917562802794,1
1139,0.9996417991239817,1
1140,0.9997073165413259,1
1141,0.9998790246506376,1
1142,0.9999298815212546,1
1143,0.9998104625895842,1
1144,0.999761230742581,1
1145,0.9998993024401063,1
1146,0.9998315751402567,1
1147,0.9996499404155555,1
1148,0.9989077372068705,1
1149,0.9994482569243918,1
1150,0.9957613184247144,1
1151,0.9997767780698147,1
1152,0.9907967202628051,1
1153,0.9978254693617287,1
1154,0.9963304515738596,1
1155,0.9954026929530393,1
1156,0.999403864208072,1
1157,0.9996499584167352,1
1158,0.9903237445680054,1
1159,0.9992467996081591,1
1160,0.9899981252349818,1
1161,0.9943716938034858,1
1162,0.9995782204646659,1
1163,0.9806098350944735,1
1164,0.00017306996481509208,0
1165,0.00021650484181169204,0
1166,0.00010759038839867706,0
1167,0.004867132096730205,0
1168,0.0002611900356528545,0
1169,0.0017782870215360407,0
1170,0.0032014350538266,0
1171,0.0019259142068469642,0
1172,0.0003699147681748005,0
1173,9.950434599361214e-05,0
1174,0.002391381310808797,0
1175,0.00024219183124684666,0
1176,0.0003685053128389425,0
1177,0.000777426311167017,0
1178,0.00039634605123741313,0
1179,0.0001763025586537481,0
1180,0.0005788141984529657,0
1181,0.00023610398516721052,0
1182,0.000370328201196143,0
1183,0.00023588080388056885,0
1184,0.0002709222348208196,0
1185,0.00010912942749225,0
1186,0.00040684764959919703,0
1187,0.0004218327607517018,0
1188,0.00030240929032960667,0
1189,0.0004965211682346224,0
1190,0.00031829590612274207,0
1191,0.00013226982969182007,0
1192,0.0003521169115903688,0
1193,0.0013765219144785035,0
1194,0.00028335805609632696,0
1195,0.00039993525702178355,0
1196,0.00017001555933002208,0
1197,0.0003243597456999136,0
1198,0.0027230842946771674,0
1199,0.0007810004327212339,0
1200,0.0009809690512564248,0
1201,0.0024552182982338945,0
1202,0.0010191474008523487,0
1203,0.9817139964214793,1
1204,0.9828796044359136,1
1205,0.9943256366446983,1
1206,0.9966320798822803,1
1207,0.9997774264160975,1
1208,0.9998991811481834,1
1209,0.9973303420527883,1
1210,0.9994453088272002,1
1211,0.9989730789178456,1
1212,0.9954116692987038,1
1213,0.999518344457812,1
1214,0.9977099943741248,1
1215,0.9993965528944522,1
1216,0.9993266505254939,1
1217,0.999692784154711,1
1218,0.9995294093132046,1
1219,0.9998942098775736,1
1220,0.9996830132825569,1
1221,0.9982465117108117,1
1222,0.9965410124703682,1
1223,0.9998347979481114,1
1224,0.997787868167592,1
1225,0.9989088087755655,1
1226,0.9972764622888372,1
1227,0.9991972296913225,1
1228,0.9970271488349812,1
1229,0.9996712559039931,1
1230,0.9995504222654891,1
1231,0.9990783911972423,1
1232,0.9996982260571321,1
1233,0.9989165497046998,1
1234,0.9933265246019627,1
1235,0.9969331834840914,1
1236,0.9979573711245537,1
1237,0.9994451006765189,1
1238,0.9993678816170498,1
1239,0.9998468626078874,1
1240,0.9999025048991005,1
1241,0.9973420030014778,1
1242,0.9891507028051292,1
1243,0.9162755672540919,1
1244,0.990321576239538,1
1245,0.976927878110608,1
1246,0.20711098417552273,0
1247,0.014767553532537265,0
1248,0.006395943967054334,0
1249,0.0036041237609688273,0
1250,0.005361192699627551,0
1251,0.003192512096875667,0
1252,0.011933240818405286,0
1253,0.008446331171457799,0
1254,0.17823336589891348,0
1255,0.013607867938133478,0
1256,0.05018512159998405,0
1257,0.981970378160734,1
1258,0.9992817733049664,1
1259,0.9944219117168489,1
1260,0.9840762659133259,1
1261,0.9909215885155616,1
1262,0.9995196845142363,1
1263,0.9971967783672929,1
1264,0.9915838515306435,1
1265,0.9994548535134694,1
1266,0.999107798910971,1
1267,0.9998435124407168,1
1268,0.9996609724472941,1
1269,0.9990675799223988,1
1270,0.9994037459654767,1
1271,0.9997103909280325,1
1272,0.9986288725982203,1
1273,0.9980978532566979,1
1274,0.9991947359838503,1
1275,0.011122176040510799,0
1276,0.0006161694863014015,0
1277,0.0004924830767759172,0
1278,0.00025922383746082974,0
1279,0.0002506052665018544,0
1280,0.0005495743735454098,0
1281,0.006179537890256357,0
1282,0.0018044069561794,0
1283,0.0002265557845904796,0
1284,0.00014762939478156812,0
1285,0.00023004345362973995,0
1286,0.00022684179078794089,0
1287,0.00819240705748093,0
1288,0.000943344212653202,0
1289,0.5737299791576499,1
1290,0.00024313349879118745,0
1291,0.0005871857251631933,0
1292,0.00032332607665924696,0
1293,6.742831212067732e-05,0
1294,0.00014862716506146886,0
1295,4.695257846693829e-05,0
1296,0.0033082202618804043,0
1297,0.0024900331284241862,0
1298,0.017314455176335945,0
1299,0.0010247049945339441,0
1300,0.0027586077255750954,0
1301,0.0013803437419963604,0
1302,0.005494857099858509,0
1303,0.0021719370556944687,0
1304,0.00021141651753760652,0
1305,0.003779864149443263,0
1306,0.02079924286263073,0
1307,0.9998473017690058,1
1308,0.9981091757995291,1
1309,0.9984187935129524,1
1310,0.999116191856514,1
1311,0.9999206691562803,1
1312,0.999856145928777,1
1313,0.9989940414376719,1
1314,0.9997898540784574,1
1315,0.9993454038667212,1
1316,0.9998079082499506,1
1317,0.9993246306126343,1
1318,0.997083234265695,1
1319,0.9558849898130055,1
1320,0.001249359939036757,0
1321,0.00010721208501201087,0
1322,2.262179518311508e-05,0
1323,2.3313726630644338e-05,0
1324,2.5381549565917625e-05,0
1325,5.032305450219356e-05,0
1326,2.9345637877191678e-05,0
1327,2.997216525097673e-05,0
1328,2.3606525316228848e-05,0
1329,1.901389224320592e-05,0
1330,4.141008300847641e-05,0
1331,1.917316279356382e-05,0
1332,0.0006426046099044384,0
1333,7.595381229762438e-05,0
1334,0.0002357012610153271,0
1335,0.0007085716427252792,0
1336,7.229113136023538e-05,0
1337,0.0016791976609062506,0
1338,0.0016528237168631683,0
1339,0.008214398430881514,0
1340,0.0003321645420065954,0
1341,0.0017712765603991037,0
1342,0.00021797468753844318,0
1343,0.00012744825231084296,0
1344,0.0001881232576640607,0
1345,0.0002168744593016804,0
1346,6.525870990054761e-05,0
1347,2.8223621818641368e-05,0
1348,0.00017650817548659175,0
1349,0.0002582041541229084,0
1350,3.417198147312573e-05,0
1351,0.00010559699121396469,0
1352,0.00015108022239945386,0
1353,0.00010395234200448465,0
1354,0.0002431395165110744,0
1355,0.0005780540706067113,0
1356,3.479994932556823e-05,0
1357,2.5989770960654913e-05,0
1358,3.072608494344884e-05,0
1359,0.00021541144611270747,0
1360,4.845526236935436e-05,0
1361,2.6917160093010575e-05,0
1362,0.00024800461421726187,0
1363,0.012408904380834807,0
1364,0.9990243168302945,1
1365,0.9992430088388908,1
1366,0.9995380363575387,1
1367,0.9993927883805952,1
1368,0.9982748405016724,1
1369,0.9884537763571282,1
1370,0.04771286982569991,0
1371,0.021409251187316236,0
1372,0.005588323782136684,0
1373,0.025384109265685278,0
1374,0.041793484790921535,0
1375,0.00223642775399233,0
1376,0.020592854308455727,0
1377,0.008902741414750882,0
1378,0.0032427810789260264,0
1379,0.0003831033478339215,0
1380,0.0018975014938981758,0
1381,0.0017387260222841287,0
1382,0.0016255561084378603,0
1383,0.0028723606012799273,0
1384,0.0011624291941617383,0
1385,0.002110839140583587,0
1386,0.10089352388876287,0
1387,0.002172167182356875,0
1388,0.04167111634420538,0
1389,0.0007406707093113341,0
1390,0.001295808920393294,0
1391,0.010250446428116683,0
1392,0.016181694345749547,0
1393,0.004397054639084035,0
1394,0.6297932721091594,1
1395,0.003703139279475945,0
1396,0.19409134940898143,0
1397,0.014824407560053047,0
1398,0.0022695540329247576,0
1399,0.001938677888938402,0
1400,0.006865425157659338,0
1401,0.012549991282988405,0
1402,0.9995421099580792,1
1403,0.9995423749707726,1
1404,0.9997597855203025,1
1405,0.9997273507235963,1
1406,0.9993062400416132,1
1407,0.9996534316097268,1
1408,0.9990550554546362,1
1409,0.9994787648892636,1
1410,0.998863002917465,1
1411,0.9997336038025321,1
1412,0.9997358290349071,1
1413,0.9996498475534729,1
1414,0.9995426909283557,1
1415,0.9996898332122156,1
1416,0.9997496380988682,1
1417,0.9999122403918884,1
1418,0.999889162449412,1
1419,0.9916076854774079,1
1420,0.80132550452276,1
1421,0.9938599769108931,1
1422,0.07636017501635656,0
1423,0.008237511643527312,0
1424,0.01317824662141752,0
1425,0.0031757805346224713,0
1426,0.011431049109551457,0
1427,0.013101169222192134,0
1428,0.9588020863790153,1
1429,0.9652226541137153,1
1430,0.9840226570981294,1
1431,0.9929142276247882,1
1432,0.9880188855744743,1
1433,0.9623252725342467,1
1434,0.0067669211039635205,0
1435,0.013711382230049154,0
1436,5.698268580409047e-05,0
1437,0.0012013410546790522,0
1438,0.009427537393182778,0
1439,0.0007946481635315638,0
1440,0.00036474918769261377,0
1441,0.00013962200213686935,0
1442,0.006941666838715914,0
1443,0.7448347228665495,1
1444,0.999899915763768,1
1445,0.9972536302929456,1
1446,0.999713429089625,1
1447,0.9998894223673491,1
1448,0.9996797821616782,1
1449,0.9998818334385654,1
1450,0.9995753520438858,1
1451,0.9995137264295032,1
1452,0.9997724831458904,1
1453,0.9995912758583775,1
1454,0.9999058386014027,1
1455,0.9981675779352478,1
1456,0.2802486252223223,0
1457,0.9962523312485524,1
1458,0.9941272704355533,1
1459,0.9243144642108503,1
1460,0.000456773827514989,0
1461,0.000251567011636464,0
1462,0.00023016385382152382,0
1463,0.00014455692315842487,0
1464,9.049202341853569e-05,0
1465,0.00022364153051772945,0
1466,0.0005309387579400118,0
1467,0.0003365195875228127,0
1468,0.00027349733416530723,0
1469,0.0033808023439503543,0
1470,0.00010243882414707828,0
1471,0.00413192177108834,0
1472,0.0005858114002535912,0
1473,0.0026477143030758693,0
1474,0.00015199999075332706,0
1475,0.0008688116693763892,0
1476,0.002067444170537746,0
1477,0.020825999903063306,0
1478,0.0018322405696850736,0
1479,0.0006714897742867596,0
1480,0.001468635060455697,0
1481,0.0009759060989241248,0
1482,0.007737053081871509,0
1483,0.0007717392224066928,0
1484,0.0027902214183452316,0
1485,0.00045942099603787305,0
1486,0.9996823793222179,1
1487,0.9996973740989369,1
1488,0.9999115666970769,1
1489,0.9997989595956334,1
1490,0.9994930735716437,1
1491,0.9988262013480441,1
1492,0.9996321461190066,1
1493,0.9985156519035723,1
1494,0.9982583202298866,1
1495,0.999510011661638,1
1496,0.9989433696389792,1
1497,0.999588984711051,1
1498,0.9997097457146664,1
1499,0.9989752017110761,1
1500,0.9997614546545868,1
1501,0.9995348747618956,1
1502,0.999812179653451,1
1503,0.9983378629395009,1
1504,0.010745148671605755,0
1505,0.9936365382973766,1
1506,0.9048972346709957,1
1507,0.9975124339053401,1
1508,0.9848565112436924,1
1509,0.10971627023882972,0
1510,0.003209781206630425,0
1511,0.006689803961096865,0
1512,0.010708421815776309,0
1513,0.01223236746611075,0
1514,0.0015569243605425937,0
1515,0.0006015474020526995,0
1516,0.0015932143941114342,0
1517,0.018417753126093877,0
1518,0.014733857397379032,0
1519,0.005751317353619005,0
1520,0.025035320830793205,0
1521,0.01275651043746998,0
1522,0.0006413186982775184,0
1523,0.02738461800985415,0
1524,0.36096416984435103,0
1525,0.9819770415023908,1
1526,0.9753622117932627,1
1527,0.9805175203156502,1
1528,0.9912864370077673,1
1529,0.9996210743364387,1
1530,0.9993468212855386,1
1531,0.9997022068706667,1
1532,0.9999209711041813,1
1533,0.9993644044795378,1
1534,0.9979691663277039,1
1535,0.98649665926575,1
1536,0.003893575163536903,0
1537,0.0003985237249965099,0
1538,0.024088212299337136,0
1539,0.030864216816392346,0
1540,0.6816374784554107,1
1541,0.027466555080319564,0
1542,0.005340922349372833,0
1543,0.0036259644748285395,0
1544,0.011264880429825474,0
1545,0.018281346689709047,0
1546,0.047712721111245145,0
1547,0.008144071697703061,0
1548,0.5702114978669578,1
1549,0.010561765068895173,0
1550,0.0191719490193593,0
1551,0.00015685790213903456,0
1552,0.018825486386863224,0
1553,0.014133258773775938,0
1554,0.0007147192576230028,0
1555,0.08543617263870475,0
1556,0.00016993567226876457,0
1557,0.0007959844074540576,0
1558,0.0009718421862267718,0
1559,0.0003374058081421074,0
1560,0.011851977038683362,0
1561,0.02363913385603916,0
1562,0.016747990113506406,0
1563,0.016143482080009184,0
1564,0.03737822209453982,0
1565,0.004723751727313429,0
1566,0.006383194746878017,0
1567,0.07373707648958916,0
1568,0.001627792864496076,0
1569,0.0018801180591010546,0
1570,0.008786585281565652,0
1571,0.9975967803563434,1
1572,0.996226044212219,1
1573,0.9813487948551908,1
1574,0.997758266189444,1
1575,0.9986937612824787,1
1576,0.989722248919406,1
1577,0.9971518734259598,1
1578,0.9995050607421571,1
1579,0.9995894797887104,1
1580,0.9992635412883932,1
1581,0.9983703544688982,1
1582,0.9998046557908631,1
1583,0.99648298105081,1
1584,0.9916335467942045,1
1585,0.9796947372337014,1
1586,0.9289168019193043,1
1587,0.9960974210866883,1
1588,0.9964271423393687,1
1589,0.9986161336635905,1
1590,0.9979202876169613,1
1591,0.9983957313496524,1
1592,0.9961707319266623,1
1593,0.9996795993774188,1
1594,0.9996769833213993,1
1595,0.9999229896261747,1
1596,0.9998976275351861,1
1597,0.9998485813273601,1
1598,0.9996734451786196,1
1599,0.999947931006886,1
1600,0.9999232629304378,1
1601,0.9958991556481679,1
1602,0.9998650004225015,1
1603,0.9989811739370132,1
1604,0.9984932311546499,1
1605,0.9998262325601012,1
1606,0.9996548458298982,1
1607,0.9999307869335937,1
1608,0.9997861916321906,1
1609,0.9950647240685928,1
1610,0.9997498327835398,1
1611,0.9995523081799111,1
1612,0.9996138433909273,1
1613,0.9997862266179957,1
1614,0.999359662894461,1
1615,0.9998431343732882,1
1616,0.9998719044841705,1
1617,0.9997656069437225,1
1618,0.9997497224875236,1
1619,0.9997986690258699,1
1620,0.9939725000011755,1
1621,0.999879552234197,1
1622,0.9999247208141074,1
1623,0.999933190758866,1
1624,0.9999549243797989,1
1625,0.9991075523990227,1
1626,0.9998320144841965,1
1627,0.9994411942393538,1
1628,0.9995288880121954,1
1629,0.9998253898350787,1
1630,0.9998394691480739,1
1631,0.9995962005690826,1
1632,0.9998939234233578,1
1633,0.999416863330719,1
1634,0.9996912921443801,1
1635,0.9978699352509922,1
1636,0.9997397269169495,1
1637,0.9998185892873385,1
1638,0.9985430687126645,1
1639,0.9997407649802587,1
1640,0.9994695110723375,1
1641,0.9993945103081325,1
1642,0.9995910687978723,1
1643,0.9996940945903169,1
1644,0.9997388972167743,1
1645,0.9992893079007819,1
1646,0.9981312868415845,1
1647,0.9988729070295964,1
1648,0.9950482887406237,1
1649,0.9998695652304678,1
1650,0.9997944047447643,1
1651,0.9995859411092218,1
1652,0.9972519834749016,1
1653,0.9992087462765398,1
1654,0.9987144574800001,1
1655,0.9996067937456335,1
1656,0.9997079712776319,1
1657,0.998449887838978,1
1658,0.9972195164265506,1
1659,0.9961605647415775,1
1660,0.9999034695656489,1
1661,0.9989241427952232,1
1662,0.9982009375520771,1
1663,0.9997684437332119,1
1664,0.9998917618603196,1
1665,0.9973844809160244,1
1666,0.9994866790184975,1
1667,0.9999183631126173,1
1668,0.9984662826123375,1
1669,0.9993971031997501,1
1670,0.9998251905485884,1
1671,0.9999202592847166,1
1672,0.9977970208729278,1
1673,0.9998893681153974,1
1674,0.9976325615948345,1
1675,0.9998395211086911,1
1676,0.9996930361039128,1
1677,0.9998377357551266,1
1678,0.9998574247363307,1
1679,0.9997426129045501,1
1680,0.9996621818072018,1
1681,0.9998173285672398,1
1682,0.9997691166840132,1
1683,0.9989436662020783,1
1684,0.9997887689690387,1
1685,0.9994615872512634,1
1686,0.9999412056451435,1
1687,0.9998067449627324,1
1688,0.999877231439864,1
1689,0.9999009968277296,1
1690,0.9997705251807967,1
1691,0.9991939499012519,1
1692,0.9992095180991873,1
1693,0.9991362280070082,1
1694,0.9997884625442593,1
1695,0.9873171205594012,1
1696,0.9996297182144953,1
1697,0.9990721993795263,1
1698,0.9984994548161602,1
1699,0.9997476096481421,1
1700,0.9986999421012627,1
1701,0.9995839827794968,1
1702,0.9971662546171686,1
1703,0.999534441677095,1
1704,0.9998592481628379,1
1705,0.9998609926569669,1
1706,0.9998666135302161,1
1707,0.9995866877823361,1
1708,0.9898571515899219,1
1709,0.9989253560864982,1
1710,0.9993000440669688,1
1711,0.014643974529738785,0
1712,0.005727591994227723,0
1713,0.9996858088580198,1
1714,0.9998703642864242,1
1715,0.999762555909577,1
1716,0.9998026897205002,1
1717,0.9998103382603641,1
1718,0.9997170867308075,1
1719,0.9998371300900953,1
1720,0.9958255654306652,1
1721,0.9998238834547793,1
1722,0.9990647191133804,1
1723,0.9996059488246896,1
1724,0.9991208951330968,1
1725,0.997791346625838,1
1726,0.9993177417243833,1
1727,0.9996816568955866,1
1728,0.9993750365882528,1
1729,0.9998201224932641,1
1730,0.9999161298120417,1
1731,0.9994904810518521,1
1732,0.9998679948642588,1
1733,0.9998583699499973,1
1734,0.99966324676999,1
1735,0.9991476733759691,1
1736,0.9991013209576716,1
1737,0.9996378449011724,1
1738,0.9996583655888165,1
1739,0.999800224171989,1
1740,0.9718523479980414,1
1741,0.9958469890409872,1
1742,0.998394179709606,1
1743,0.9995847076206542,1
1744,0.9989762719663504,1
1745,0.9989367404889977,1
1746,0.9996538709169488,1
1747,0.9999228685615281,1
1748,0.9992612452703926,1
1749,0.999705288556261,1
1750,0.9995666145771037,1
1751,0.9996263720396305,1
1752,0.9997714046155722,1
1753,0.9997082996768064,1
1754,0.9945033566144694,1
1755,0.9989978092133877,1
1756,0.9998107326270248,1
1757,0.9996182125129033,1
1758,0.9995672378856142,1
1759,0.999733822640379,1
1760,0.9997378574000712,1
1761,0.9996425150584509,1
1762,0.999797976823286,1
1763,0.9996169103483572,1
1764,0.9995839563285368,1
1765,0.9997972812083621,1
1766,0.9995383704052392,1
1767,0.9997435792268841,1
1768,0.999893431202786,1
1769,0.9999344881027002,1
1770,0.9997062787819235,1
1771,0.9997764494553214,1
1772,0.9996678063689542,1
1773,0.9998770250234765,1
1774,0.9986502834466445,1
1775,0.9956042952645666,1
1776,0.9998477282765347,1
1777,0.9998951164742845,1
1778,0.9997473162540516,1
1779,0.9998578497546272,1
1780,0.9995523717124304,1
1781,0.9997452474765536,1
1782,0.99991259962575,1
1783,0.9999395043330052,1
1784,0.9990970364805345,1
1785,0.9998666609704036,1
1786,0.9993328195629074,1
1787,0.9999298608907817,1
1788,0.9997167116830059,1
1789,0.999779638304094,1
1790,0.999933173157682,1
1791,0.9991842951507823,1
1792,0.9999318526720246,1
1793,0.9999740329981964,1
1794,0.9999476993034501,1
1795,0.9965685418141669,1
1796,0.9999558302798034,1
1797,0.9998591269343736,1
1798,0.9975450863958942,1
1799,0.9999666888993839,1
1800,0.9997591355081522,1
1801,0.9998820017998759,1
1802,0.9999065377062895,1
1803,0.9997850843218097,1
1804,0.9998693239314216,1
1805,0.9998138127043045,1
1806,0.9998280441594024,1
1807,0.9998640130383823,1
1808,0.999931214631711,1
1809,0.9997898728631519,1
1810,0.9998075097778961,1
1811,0.9997081753483943,1
1812,0.99614562354103,1
1813,0.999475861747214,1
1814,0.9985931689925341,1
1815,0.9994762054427304,1
1816,0.9996294970942396,1
1817,0.9997137928452019,1
1818,0.9992676682192301,1
1819,0.9998253178556529,1
1820,0.9982918684004737,1
1821,0.9998120289143585,1
1822,0.9999648429531022,1
1823,0.9999075206664019,1
1824,0.9999249621737011,1
1825,0.9997476960020165,1
1826,0.9998854652560911,1
1827,0.9996855552796445,1
1828,0.9997495411313762,1
1829,0.9982308402202581,1
1830,0.9999690933468539,1
1831,0.9999133633637046,1
1832,0.9998431908415872,1
1833,0.9993906002290462,1
1834,0.998767267884244,1
1835,0.9996640621398448,1
1836,0.9993190347752979,1
1837,0.9981124494367234,1
1838,0.9987280510324686,1
1839,0.9994780936892065,1
1840,0.9996224364951178,1
1841,0.999293261010284,1
1842,0.9994228633814423,1
1843,0.9995452087251727,1
1844,0.9958689652042062,1
1845,0.9992816557203796,1
1846,0.9964382335443626,1
1847,0.999509948103882,1
1848,0.998515311767295,1
1849,0.9994256114109271,1
1850,0.9995775109805765,1
1851,0.9998787961118187,1
1852,0.9897810275741715,1
1853,0.9997898538089234,1
1854,0.9988405673891522,1
1855,0.9984096599911606,1
1856,0.9862096305413863,1
1857,0.9912586383857777,1
1858,0.99946412060786,1
1859,0.9972974052603228,1
1860,0.9992994598455543,1
1861,0.981830321842365,1
1862,0.9901763848026791,1
1863,0.9910917103759403,1
1864,0.9964308067611191,1
1865,0.9985599215885325,1
1866,0.9997952258031872,1
1867,0.9997794496924577,1
1868,0.9992990636800755,1
1869,0.9998955177853162,1
1870,0.9994353113051698,1
1871,0.9991776066009966,1
1872,0.9991258830612391,1
1873,0.998903890311964,1
1874,0.9963514564567355,1
1875,0.9995830123188446,1
1876,0.999550587784989,1
1877,0.9992770935908278,1
1878,0.9990033664706862,1
1879,0.9993077117423074,1
1880,0.9997544080667718,1
1881,0.9997922076974562,1
1882,0.9992951662658821,1
1883,0.9972328622526803,1
1884,0.9997986515194011,1
1885,0.9996644664412281,1
1886,0.9991988668244101,1
1887,0.9985453175559951,1
1888,0.9999617708552042,1
1889,0.9997014961162679,1
1890,0.9994275826144436,1
1891,0.9995517102857955,1
1892,0.9995531486659202,1
1893,0.9996545909068616,1
1894,0.9991968474798925,1
1895,0.9986152581861308,1
1896,0.9886342633986979,1
1897,0.9989330388677695,1
1898,0.9993999550510331,1
1899,0.9997487073231545,1
1900,0.9999528383036307,1
1901,0.9998056537257437,1
1902,0.9994697995570064,1
1903,0.9995714955349669,1
1904,0.9998810017258101,1
1905,0.9999019426333953,1
1906,0.9996535407904117,1
1907,0.9998749220424002,1
1908,0.9993748127217896,1
1909,0.9999757416039415,1
1910,0.9997682536167608,1
1911,0.9991838430144003,1
1912,0.99899926961722,1
1913,0.9991853491796635,1
1914,0.9996008130441321,1
1915,0.9998463534066672,1
1916,0.9997221331504245,1
1917,0.998527047452432,1
1918,0.9998871798937623,1
1919,0.9996933413621236,1
1920,0.9996501230908987,1
1921,0.99988103455826,1
1922,0.9992874397732773,1
1923,0.9951520908566913,1
1924,0.9968751462617103,1
1925,0.9996992836666935,1
1926,0.9999447381833678,1
1927,0.9999182940606225,1
1928,0.999885296105721,1
1929,0.9997614321546066,1
1930,0.995780161910883,1
1931,0.9997904477739299,1
1932,0.9990883722821774,1
1933,0.9995284800669327,1
1934,0.9998969520168793,1
1935,0.9998214556227304,1
1936,0.9993352614313644,1
1937,0.9991531686013687,1
1938,0.9990776645505464,1
1939,0.9994421558491743,1
1940,0.9998015201681653,1
1941,0.99945812919019,1
1942,0.998600918710724,1
1943,0.9991429802829597,1
1944,0.9994188713669244,1
1945,0.9996349680683285,1
1946,0.9996378759877304,1
1947,0.9994522980179391,1
1948,0.999520292807789,1
1949,0.9999016347032739,1
1950,0.9997757810632162,1
1951,0.9989163686457109,1
1952,0.9959455362907257,1
1953,0.9983180590344304,1
1954,0.9974939447075215,1
1955,0.997406872458267,1
1956,0.998723042688423,1
1957,0.9997590242957045,1
1958,0.9999149019569167,1
1959,0.999863422307271,1
1960,0.9979443431630406,1
1961,0.999402789300086,1
1962,0.9989486175374968,1
1963,0.9993245633061044,1
1964,0.9997734745370844,1
1965,0.9995906913951557,1
1966,0.9996708876341172,1
1967,0.9998049075145088,1
1968,0.9984617602594338,1
1969,0.9994706293274779,1
1970,0.9998073670613654,1
1971,0.9999476252617588,1
1972,0.9996528393423469,1
1973,0.9999502335728299,1
1974,0.9997840824240638,1
1975,0.9998638153706988,1
1976,0.9990712610719638,1
1977,0.9999402095796158,1
1978,0.9999290409427151,1
1979,0.99994207415726,1
1980,0.9999418640402227,1
1981,0.9999601971247646,1
1982,0.9998756134444039,1
1983,0.9999241526830112,1
1984,0.9993503349452137,1
1985,0.9999589242526945,1
1986,0.999396299630922,1
1987,0.9998206098329775,1
1988,0.9987933988295695,1
1989,0.999610696148168,1
1990,0.9993047464131606,1
1991,0.9999072736792401,1
1992,0.9999223083037461,1
1993,0.9999500641590641,1
1994,0.999767852066014,1
1995,0.9999219695547801,1
1996,0.9999307852660083,1
1997,0.999767217154546,1
1998,0.0025305682583998514,0
1999,0.03222745891720522,0
2000,0.9981990204131821,1
2001,0.9998549600209787,1
2002,0.9998558596088836,1
2003,0.9998096512329965,1
2004,0.999077033835227,1
2005,0.9998143832602564,1
2006,0.9999067298522781,1
2007,0.9995617999292463,1
2008,0.9995434034893931,1
2009,0.9992560541944743,1
2010,0.9965115691575311,1
2011,0.9987738303717192,1
2012,0.9999260306999294,1
2013,0.9997498253330168,1
2014,0.9966869219398746,1
2015,0.9999466911920564,1
2016,0.9978876274172265,1
2017,0.9997513866755173,1
2018,0.9966255279878098,1
2019,0.999821284142209,1
2020,0.9951468335936637,1
2021,0.9991367056037875,1
2022,0.9998136737254668,1
2023,0.999896920836499,1
2024,0.999901838628497,1
2025,0.9997238101718477,1
2026,0.9999092021070237,1
2027,0.9995208072472012,1
2028,0.008379159634575173,0
2029,0.029267828067809632,0
2030,0.005811499186581748,0
2031,0.019831868539621388,0
2032,0.012116905945412268,0
2033,0.004134541781141759,0
2034,0.0027688478623321532,0
2035,0.0023029796500578454,0
2036,0.017592318318543604,0
2037,0.0032049578967333044,0
2038,0.00466169509753243,0
2039,0.005721230098906987,0
2040,0.02289897681591072,0
2041,0.0097024229938794,0
2042,0.007254719643159522,0
2043,0.03412250301560295,0
2044,0.13548565121687992,0
2045,0.021039566075044765,0
2046,0.009676418094910938,0
2047,0.013988906203967309,0
2048,0.012576167651611863,0
2049,0.03643876927825808,0
2050,0.011550286478756422,0
2051,0.02134358004872906,0
2052,0.03923677938195397,0
2053,0.059887894271521074,0
2054,0.0047175931500789995,0
2055,0.04000532182434088,0
2056,0.0419415998661157,0
2057,0.009304157874706405,0
2058,0.004247997426853084,0
2059,0.23392764124964122,0
2060,0.011343035580392978,0
2061,0.005888392626140752,0
2062,0.008635926096126453,0
2063,0.0233223314630411,0
2064,0.013856930877700313,0
2065,0.9785970147738232,1
2066,0.6313392013579529,1
2067,0.9751863902702465,1
2068,0.987457251057618,1
2069,0.9872706039155243,1
2070,0.9966141496475398,1
2071,0.9980165715542596,1
2072,0.9766375727374174,1
2073,0.9880852254480869,1
2074,0.9934006148604245,1
2075,0.9956013396572556,1
2076,0.9460268925611636,1
2077,0.9933374792426986,1
2078,0.993326852370006,1
2079,0.9898471655089774,1
2080,0.9978201570947862,1
2081,0.9850093723749758,1
2082,0.993331182530609,1
2083,0.9929568101133751,1
2084,0.9874451533363406,1
2085,0.9792997758141502,1
2086,0.9884866033671447,1
2087,0.9844670470859805,1
2088,0.9512518695215576,1
2089,0.988382485169878,1
2090,0.9794814675567065,1
2091,0.9928507174507931,1
2092,0.9912610088034572,1
2093,0.990584164854085,1
2094,0.01757378180078701,0
2095,0.036419468544722375,0
2096,0.01098707179271989,0
2097,0.014519129087250175,0
2098,0.9447723210682957,1
2099,0.11248351821516146,0
2100,0.9871401620637361,1
2101,0.9722618450496588,1
2102,0.0038540238995876186,0
2103,0.0076204866131366605,0
2104,0.004460203848970338,0
2105,0.0142120026422268,0
2106,0.0014068188198576347,0
2107,0.0003666302886637342,0
2108,0.005041218517249014,0
2109,0.008647084649807308,0
2110,0.0015761208231146629,0
2111,0.007332376871874288,0
2112,0.006086543995677251,0
2113,0.006573948891214394,0
2114,0.14176534369342844,0
2115,0.006523093920873966,0
2116,0.01298169312963305,0
2117,0.012244521829174066,0
2118,0.0003529281861528955,0
2119,0.011678974731131872,0
2120,0.0044690154053234395,0
2121,0.004530400508936188,0
2122,0.004493923791824445,0
2123,0.009821969580257803,0
2124,0.0021751284625744277,0
2125,0.0016118229058247199,0
2126,0.10580987806756892,0
2127,0.0017754788493340634,0
2128,0.006569584862321007,0
2129,0.0014755088049345766,0
2130,0.011666383574298623,0
2131,0.008196830196767837,0
2132,0.0023451143118699935,0
2133,0.0006206934399988865,0
2134,0.016044073463202316,0
2135,0.010910514097118986,0
2136,0.0135044174438142,0
2137,0.0009821628172079035,0
2138,0.01123694079091736,0
2139,0.017590875446913068,0
2140,0.01526389629569386,0
2141,0.014321038917445081,0
2142,0.006319270101689864,0
2143,0.9878772985515042,1
2144,0.983705689952024,1
2145,0.9815453458783538,1
2146,0.9739729467048893,1
2147,0.023058646684925896,0
2148,0.045159146112914966,0
2149,0.10869874357213447,0
2150,0.01658054302790686,0
2151,0.031231947332592526,0
2152,0.007604156434570902,0
2153,0.0050806695553732885,0
2154,0.005202555500403603,0
2155,0.012013400042761224,0
2156,0.0007726417210745696,0
2157,0.006243445514805023,0
2158,0.00209764556704963,0
2159,0.015826968135793373,0
2160,0.048602458369184136,0
2161,0.008120013985852301,0
2162,0.3369943214359734,0
2163,0.00634783221813,0
2164,0.0004953706702485427,0
2165,0.0007896697945557726,0
2166,0.0012744010542176032,0
2167,0.005906106092826445,0
2168,0.022229912615119793,0
2169,0.0010440614283529104,0
2170,0.023693462892887734,0
2171,0.00561329378646233,0
2172,0.0023036646308860105,0
2173,0.0018536048440805717,0
2174,0.015796872344453754,0
2175,0.003358168211541064,0
2176,0.005403003486096135,0
2177,0.01874482931435591,0
2178,0.03517230370232232,0
2179,0.9654813022976458,1
2180,0.9980968418898125,1
2181,0.9969179609826151,1
2182,0.9974492572630859,1
2183,0.9172321080535165,1
2184,0.0051690197829505026,0
2185,0.013652972028396312,0
2186,0.01695590365839635,0
2187,0.001993799540524887,0
2188,0.011371905758768286,0
2189,0.017389033311674965,0
2190,0.291564655750898,0
2191,0.04243540761212443,0
2192,0.03499396309512521,0
2193,0.996786104938038,1
2194,0.1956019685192263,0
2195,0.1182876939321905,0
2196,0.970864138229536,1
2197,0.018135293317454827,0
2198,0.03501795697036152,0
2199,0.019663066790756224,0
2200,0.5993175480472226,1
2201,0.025402286557171156,0
2202,0.013318509897900314,0
2203,0.9971064780099782,1
2204,0.9769160196354802,1
2205,0.9896323183252986,1
2206,0.30469233250634575,0
2207,0.9876189417496707,1
2208,0.9808150436958389,1
2209,0.9980052180777529,1
2210,0.999012316490612,1
2211,0.9965609745742305,1
2212,0.9996834116580292,1
2213,0.9991960781446533,1
2214,0.9490572127174196,1
2215,0.9989326174631548,1
2216,0.998832128914909,1
2217,0.9939147988836727,1
2218,0.9902214353384698,1
2219,0.9979605284491039,1
2220,0.986732404426389,1
2221,0.8758942506223176,1
2222,0.9862809273834096,1
2223,0.9709369917700567,1
2224,0.99000892368955,1
2225,0.9983801646561418,1
2226,0.5627150850307187,1
2227,0.9381208816463069,1
2228,0.9824574901650999,1
2229,0.9655969298507712,1
2230,0.85990292511336,1
2231,0.012940324002219061,0
2232,0.03752258058573721,0
2233,0.9879778119930736,1
2234,0.9763148823122215,1
2235,0.9752117880469623,1
2236,0.9750835985856257,1
2237,0.9766891059253079,1
2238,0.9766150597617387,1
2239,0.9885727225059144,1
2240,0.013859895993719108,0
2241,0.8200489212550187,1
2242,0.9781722876714122,1
2243,0.9757113970808818,1
2244,0.01679281046930169,0
2245,0.014101912236200989,0
2246,0.9899348656262184,1
2247,0.9982375050697628,1
2248,0.9861728591122022,1
2249,0.9974440200021455,1
2250,0.9997499785532575,1
2251,0.9990189184491567,1
2252,0.0656177793532943,0
2253,0.9951767563770952,1
2254,0.03611265391976826,0
2255,0.02770029961027989,0
2256,0.026898457055418663,0
2257,0.006429768635067795,0
2258,0.012941222969162152,0
2259,0.9338484281895054,1
2260,0.021762315381503628,0
2261,0.03846306933125681,0
2262,0.038327373306877806,0
2263,0.008695620533891982,0
2264,0.9961408047226107,1
2265,0.9922555230974589,1
2266,0.9681880286919291,1
2267,0.9954634305845943,1
2268,0.9939066273780575,1
2269,0.9927578327789789,1
2270,0.984305062557707,1
2271,0.03131066417820854,0
2272,0.02452296374827282,0
2273,0.027433110572820725,0
2274,0.022988847303830533,0
2275,0.01120708877920859,0
2276,0.06400527338406665,0
2277,0.08747062019562331,0
2278,0.9668648605517811,1
2279,0.9580654297369015,1
2280,0.9883078734784582,1
2281,0.9903350080088879,1
2282,0.9822065586077968,1
2283,0.9844544640563198,1
2284,0.9989172475160979,1
2285,0.9953210676968246,1
2286,0.9741374149688364,1
2287,0.997001769157337,1
2288,0.9836651135131109,1
2289,0.015143928343867383,0
2290,0.02569048287780081,0
2291,0.04304314291320184,0
2292,0.9211016214551451,1
2293,0.04113377764037287,0
2294,0.029520040042902932,0
2295,0.052310200319160394,0
2296,0.038398888613833636,0
2297,0.9900399455101416,1
2298,0.3635309849670234,0
2299,0.9930207934488825,1
2300,0.9840235934362115,1
2301,0.9935108593371622,1
2302,0.9313144471828547,1
2303,0.984302016951373,1
2304,0.9964150506171319,1
2305,0.9926745742996054,1
2306,0.5904090507144972,1
2307,0.9983160099146111,1
2308,0.9692532772367168,1
2309,0.9942734506067761,1
2310,0.9909118488566537,1
2311,0.997233213570824,1
2312,0.9932746772237259,1
2313,0.9924524386630043,1
2314,0.9925636949048086,1
2315,0.9529076643604629,1
2316,0.9897786389781168,1
2317,0.9461210738802128,1
2318,0.9920037261416057,1
2319,0.9779110009182747,1
2320,0.976059840612046,1
2321,0.962939215088155,1
2322,0.9934382307375536,1
2323,0.9975834278064427,1
2324,0.9612515293203721,1
2325,0.04914994735941456,0
2326,0.007088579915463971,0
2327,0.0011792357473026768,0
2328,0.0014496574677664482,0
2329,0.00033347641133504456,0
2330,0.0005409625623124391,0
2331,0.0011065824149259372,0
2332,0.0001851253633361143,0
2333,0.00016096257316706083,0
2334,0.0018824528668908388,0
2335,0.0013659111468561644,0
2336,0.00029806695488557094,0
2337,0.00047099085874644555,0
2338,0.0004351196494437385,0
2339,0.014772689243660445,0
2340,0.17444275250910452,0
2341,0.003969612505212864,0
2342,6.144555486232033e-05,0
2343,0.0007320143110159926,0
2344,0.0007276131469820459,0
2345,0.0009860518994851475,0
2346,0.00258477522985254,0
2347,0.047709634421247475,0
2348,0.0002387837992118908,0
2349,0.0001646211895803321,0
2350,0.00012987311868970267,0
2351,0.00014485541797398322,0
2352,0.0190919900184791,0
2353,0.02079568393044423,0
2354,0.9842529105116882,1
2355,0.9987757996452699,1
2356,0.9980064182920411,1
2357,0.9941124727467728,1
2358,0.9963816317449288,1
2359,0.989920054274406,1
2360,0.9994589366086691,1
2361,0.9960426716226248,1
2362,0.9944968496729061,1
2363,0.9996300474988746,1
2364,0.9965403880135406,1
2365,0.9958546379710825,1
2366,0.9919499410979156,1
2367,0.9982395520166227,1
2368,0.9994386910038758,1
2369,0.9984545602605125,1
2370,0.9990681662622598,1
2371,0.999437092390706,1
2372,0.9994936170070162,1
2373,0.9990608018305945,1
2374,0.9987411815197313,1
2375,0.99953559755103,1
2376,0.998343576651555,1
2377,0.9939274113913565,1
2378,0.9831901456337232,1
2379,0.999008059589206,1
2380,0.9953128762130358,1
2381,0.9994322374208828,1
2382,0.9993092296582858,1
2383,0.994412154811318,1
2384,0.9974985141595905,1
2385,0.9993157333241884,1
2386,0.9985601478775484,1
2387,0.9976367229928458,1
2388,0.9955091691854154,1
2389,0.998650860378155,1
2390,0.9976473408096378,1
2391,0.9987524924630228,1
2392,0.9981310758523351,1
2393,0.9995946099505384,1
2394,0.9991386076967553,1
2395,0.9970686088703066,1
2396,0.9991549020556099,1
2397,0.998868754082344,1
2398,0.994800660859567,1
2399,0.9984563325849474,1
2400,0.9989223184410269,1
2401,0.9970963641955144,1
2402,0.9868357296974802,1
2403,0.24839218214211967,0
2404,0.9867163873603333,1
2405,0.9975609221185686,1
2406,0.9964277668025893,1
2407,0.9985603368926448,1
2408,0.9935273792770836,1
2409,0.9908144296592346,1
2410,0.9957863144292878,1
2411,0.9866341816601591,1
2412,0.9845301651132294,1
2413,0.9979487343673036,1
2414,0.9790778935707171,1
2415,0.9949887285219609,1
2416,0.9977784606040095,1
2417,0.9887336233199016,1
2418,0.9966543103249773,1
2419,0.9973993533668839,1
2420,0.9920047763450541,1
2421,0.9829842504431558,1
2422,0.9888654616003417,1
2423,0.9931651245690173,1
2424,0.9965455247922874,1
2425,0.9065734276130102,1
2426,0.9912913950671093,1
2427,0.9982530660325192,1
2428,0.9964303056532288,1
2429,0.9958350916249585,1
2430,0.053691934478808906,0
2431,0.9967819345167913,1
2432,0.9882515373355294,1
2433,0.9978230522711031,1
2434,0.9965889739025675,1
2435,0.021447172055661323,0
2436,0.01221575530374851,0
2437,0.0006336636375684407,0
2438,0.0031526566887385816,0
2439,0.0204875498817021,0
2440,0.004411285536873498,0
2441,0.0006973395932410054,0
2442,0.00022849354668658784,0
2443,8.664639776562973e-05,0
2444,0.0005039377504715935,0
2445,0.0009933534130951026,0
2446,0.0032322353535364405,0
2447,0.0002121341737948663,0
2448,0.0003464821305182132,0
2449,0.0001569427600563822,0
2450,0.0006243189901238395,0
2451,0.014202683430102574,0
2452,0.026405894834898275,0
2453,0.9914977981692912,1
2454,0.9980775033806234,1
2455,0.9995209310343529,1
2456,0.9987814807710833,1
2457,0.9994674739563322,1
2458,0.9981444082920533,1
2459,0.9994937463596612,1
2460,0.9987451532288152,1
2461,0.999297157411053,1
2462,0.9990165118578552,1
2463,0.9998199345244911,1
2464,0.9969868752287445,1
2465,0.9957025922070148,1
2466,0.9940839305290744,1
2467,0.9984523747985348,1
2468,0.9995090493115742,1
2469,0.9991615256410423,1
2470,0.994953895131499,1
2471,0.9996177833506701,1
2472,0.9989861464553879,1
2473,0.01895834135771568,0
2474,0.006286792148555868,0
2475,0.00768743455844995,0
2476,0.009941479127808479,0
2477,0.018846681655123664,0
2478,0.011086819269407395,0
2479,0.032283695511068314,0
2480,0.013295538372388758,0
2481,0.026779837566147234,0
2482,0.00859755165813604,0
2483,0.02501771701439727,0
2484,0.006830587166744792,0
2485,0.0027804428799302803,0
2486,0.004867479994238252,0
2487,0.004013649955093286,0
2488,0.0009779647065156023,0
2489,0.028763833303661515,0
2490,0.000632283851207487,0
2491,0.0078758399979797,0
2492,0.0029436035278426363,0
2493,0.0017120226647002238,0
2494,0.001979236361930925,0
2495,0.0004336002231737797,0
2496,0.01507285643381541,0
2497,0.012009588035141152,0
2498,0.00045052435627614514,0
2499,0.0008149709838776201,0
2500,0.0013722011714384452,0
2501,0.002943819234097473,0
2502,0.00048150997104077364,0
2503,0.006901175301949625,0
2504,0.004487622822580004,0
2505,0.005254492692928699,0
2506,0.0007301396526413654,0
2507,0.013850001658680824,0
2508,0.0016649746550299323,0
2509,0.008792367034818395,0
2510,0.001335429523233911,0
2511,0.008409051594426072,0
2512,0.18898630224413002,0
2513,0.9756396914260683,1
2514,0.04836500106230367,0
2515,0.6621803957871989,1
2516,0.9933770475008635,1
2517,0.5707536320971115,1
2518,0.9991338153597185,1
2519,0.9969797491668195,1
2520,0.9957099234813422,1
2521,0.996969102358641,1
2522,0.000278852069708317,0
2523,0.0007474947821186793,0
2524,0.0003574551305554536,0
2525,0.00044452443481211645,0
2526,0.0006504137879263209,0
2527,0.016117319691255468,0
2528,0.012623509841877968,0
2529,0.00022142020200081362,0
2530,0.0011228480833476873,0
2531,0.0006408546087903187,0
2532,0.001497822483566446,0
2533,0.005589353750927583,0
2534,0.00364005481191993,0
2535,0.015551144570173493,0
2536,0.015319181160007663,0
2537,0.00021335125133905894,0
2538,0.0006539398725706281,0
2539,0.002424004360399129,0
2540,0.00016261404236616437,0
2541,0.00022408902284514848,0
2542,0.0002812278128505733,0
2543,0.00027884782457963296,0
2544,0.00040913678392411995,0
2545,0.000990957142198205,0
2546,1.992716520556358e-05,0
2547,0.0003314956290218609,0
2548,0.00021028609846392667,0
2549,0.00033931130790065556,0
2550,0.00013691088484980697,0
2551,0.0011254511658417227,0
2552,0.00023709485157943723,0
2553,0.00021010811496615823,0
2554,0.00030890283739432034,0
2555,5.9185383061394355e-05,0
2556,0.0001380046331087957,0
2557,2.5041569700616922e-05,0
2558,5.937023880841404e-05,0
2559,0.0002028544709201177,0
2560,4.265290965928633e-05,0
2561,3.185016015983183e-05,0
2562,2.8780661249891013e-05,0
2563,4.6390337145790704e-05,0
2564,1.978278782608042e-05,0
2565,1.0025357202108524e-05,0
2566,0.00010510603459424935,0
2567,0.00011409180486886645,0
2568,2.3864755670379797e-05,0
2569,0.00021165798289241708,0
2570,4.988065411897267e-05,0
2571,1.0670318788691137e-05,0
2572,7.989947877643877e-05,0
2573,1.5506771329996206e-05,0
2574,5.626797238706478e-06,0
2575,8.474466360691439e-06,0
2576,2.877404417417881e-05,0
2577,0.0003045569444915322,0
2578,0.0016751322474828688,0
2579,9.939245648708399e-05,0
2580,0.000476959390979694,0
2581,0.0018609498162499892,0
2582,0.0002282996538368883,0
2583,0.0015316607690676611,0
2584,0.0002108523239218101,0
2585,0.00025559849607902356,0
2586,4.292997631786511e-05,0
2587,0.0003356506037517913,0
2588,0.0021058633176057858,0
2589,8.987374765256089e-06,0
2590,1.950842569448387e-05,0
2591,0.001913629287268487,0
2592,0.000995472278007671,0
2593,0.004305467953567691,0
2594,0.000248161300738182,0
2595,0.00477037401960949,0
2596,0.0006744288068972478,0
2597,0.001039010175964868,0
2598,7.699872070668653e-05,0
2599,8.397956576121871e-05,0
2600,7.911709777187531e-05,0
2601,6.192162007542042e-05,0
2602,1.8725512183245693e-05,0
2603,0.0003123990035734979,0
2604,8.733319093674599e-05,0
2605,4.415526863404861e-05,0
2606,0.0001249540467200036,0
2607,1.5131546673781538e-05,0
2608,1.6755615348701308e-06,0
2609,2.822594010341605e-05,0
2610,0.00022612487109513737,0
2611,0.00032911704559471976,0
2612,1.2197942680488318e-05,0
2613,2.4325882014991058e-05,0
2614,0.00016077470635285745,0
2615,0.014132538682267227,0
2616,0.06483715281038835,0
2617,0.02863071557281246,0
2618,0.016785461710875436,0
2619,0.012076679046480543,0
2620,0.9966200619422367,1
2621,0.8959112710776619,1
2622,0.9615639847549469,1
2623,0.9953895069971417,1
2624,0.9988868002759734,1
2625,0.0027884398321689754,0
2626,8.428382194081857e-05,0
2627,3.8529142342573346e-05,0
2628,3.767338001906619e-06,0
2629,0.0001041066825622448,0
2630,1.7227602093679004e-05,0
2631,1.0268116634891809e-05,0
2632,8.028956439035042e-06,0
2633,1.6891657541800852e-05,0
2634,0.0003244511996086981,0
2635,0.00013448954900257236,0
2636,0.0018414752542134163,0
2637,0.0007221067399337787,0
2638,0.0013826382840620723,0
2639,0.00011641069800695282,0
2640,5.125986388827582e-05,0
2641,0.00010455059363122814,0
2642,0.00020720951579297132,0
2643,7.554816998501249e-06,0
2644,0.0007142933341739436,0
2645,0.00031002921475668793,0
2646,0.00011127512402437095,0
2647,0.00010373630335307508,0
2648,1.7929572031202532e-06,0
2649,1.7260688704879234e-06,0
2650,6.529412456803738e-06,0
2651,3.2972869784158196e-06,0
2652,5.501114904945873e-06,0
2653,3.800383326633979e-06,0
2654,4.057918190069317e-06,0
2655,5.2802261464301186e-05,0
2656,1.0464595373324106e-05,0
2657,0.0001605009628798065,0
2658,9.757973175274109e-05,0
2659,4.7629079589047796e-05,0
2660,2.8107764133813842e-05,0
2661,1.6265244725069607e-05,0
2662,4.547994551158885e-06,0
2663,6.460039079532767e-05,0
2664,6.081371894406066e-06,0
2665,0.00013310761744188954,0
2666,0.00011604313588429499,0
2667,0.0007229822233172433,0
2668,0.00012177218230026722,0
2669,2.6326494179258036e-05,0
2670,0.00010323719218248741,0
2671,0.00010382935355219514,0
2672,0.0002773221845433531,0
2673,0.0003209202483725491,0
2674,0.00014414317582387069,0
2675,7.741274476135843e-05,0
2676,5.796116638219728e-05,0
2677,2.4297797806932478e-05,0
2678,6.173215025535769e-05,0
2679,0.00015187802582364174,0
2680,1.5264437030354913e-06,0
2681,0.0004680651745379642,0
2682,0.010446983182133883,0
2683,0.028933728174095116,0
2684,0.019013261758728903,0
2685,0.039726436062186087,0
2686,0.9906891009797932,1
2687,0.9948263672552202,1
2688,0.997979986577894,1
2689,0.9982274890063675,1
2690,0.9917380951651726,1
2691,0.9988898756474404,1
2692,0.9982076233728246,1
2693,0.9984810531506547,1
2694,0.9888042495708544,1
2695,0.00011218620634713384,0
2696,0.0005501152042970906,0
2697,0.0005025343472466857,0
2698,0.00021496664430077262,0
2699,0.0004674356667986987,0
2700,0.00019431465737725458,0
2701,0.0003220485661631774,0
2702,0.0006458115376960144,0
2703,0.0011077093154799446,0
2704,0.0003938390107988556,0
2705,0.0007717274512364542,0
2706,8.891072265520907e-05,0
2707,2.064619822507406e-05,0
2708,7.176434649733733e-05,0
2709,5.620929366556118e-05,0
2710,6.922885655279547e-05,0
2711,1.7722814053239982e-05,0
2712,8.964307619347084e-05,0
2713,4.1922662123126126e-05,0
2714,4.043760460014013e-05,0
2715,9.976954712446212e-06,0
2716,3.681204634941522e-05,0
2717,5.436124358530818e-05,0
2718,2.051341129581449e-05,0
2719,2.0624088566823113e-05,0
2720,0.0005090432842974544,0
2721,3.5707835072049707e-06,0
2722,8.430106351424176e-05,0
2723,5.475239244714951e-05,0
2724,1.111853278955365e-05,0
2725,0.00018446260389942795,0
2726,0.00019294406328785989,0
2727,0.00010280886646318403,0
2728,0.000536241164780378,0
2729,3.702412044009468e-05,0
2730,7.056995967300466e-05,0
2731,0.00035001778408692174,0
2732,2.177041967253612e-05,0
2733,2.5698245869979416e-06,0
2734,0.0001115759662172748,0
2735,0.0003294384177291082,0
2736,5.99266780035598e-05,0
2737,1.5617143503150673e-05,0
2738,0.00014601861112815794,0
2739,0.00026114104612362667,0
2740,1.074857418040247e-05,0
2741,1.4685636996051422e-05,0
2742,0.0006484569544088071,0
2743,4.586586227351895e-06,0
2744,0.00011836191752226972,0
2745,0.8847244090478217,1
2746,0.018928540129841014,0
2747,0.9839529517813022,1
2748,0.9891561607911059,1
2749,0.999460952797921,1
2750,0.9983567915112245,1
2751,0.9983045545880512,1
2752,0.9947440357601428,1
2753,0.9984477291719449,1
2754,0.9945901394982685,1
2755,0.9987241541964678,1
2756,0.9993172162375908,1
2757,0.9951594595059837,1
2758,0.9990920927524316,1
2759,0.9991872083400198,1
2760,0.9644384954257856,1
2761,0.999055626135002,1
2762,0.0009769576057062424,0
2763,0.0004982430768693848,0
2764,9.847584148371472e-05,0
2765,0.00023936258957330458,0
2766,0.00038883533847268486,0
2767,8.128241756114892e-05,0
2768,0.0006815301286923583,0
2769,0.0020711529845485865,0
2770,0.002143724708589249,0
2771,0.0003885802121709808,0
2772,0.0007323456773861905,0
2773,0.0002967188981262778,0
2774,0.0017122628992011994,0
2775,0.0004473498871626687,0
2776,0.00031620836023990107,0
2777,0.00033770716802589634,0
2778,0.0017309374605174,0
2779,0.9881842159951495,1
2780,0.0077601192545462975,0
2781,0.00031458700064051614,0
2782,0.00011339602248449595,0
2783,0.00031996880100242656,0
2784,1.8567366847615023e-05,0
2785,9.324658242184421e-05,0
2786,0.034696606882231314,0
2787,0.9893272161131265,1
2788,0.0011665092499836252,0
2789,0.0008833792691831793,0
2790,0.0008462739402908699,0
2791,0.0018122225167384821,0
2792,6.996036666711556e-05,0
2793,0.00023419648538091807,0
2794,0.001251247553276213,0
2795,0.0011321725292886275,0
2796,0.0001628050004201881,0
2797,5.474104928268476e-05,0
2798,6.97083480016743e-05,0
2799,8.793759542292282e-05,0
2800,0.00010424778120301227,0
2801,6.201741926375194e-05,0
2802,2.7901751386892687e-05,0
2803,2.940653110360415e-06,0
2804,4.994680183412946e-05,0
2805,0.00016531941883927845,0
2806,3.53467538450811e-05,0
2807,3.630358486259235e-05,0
2808,4.4622264481564715e-05,0
2809,0.0005084689983239275,0
2810,3.66052693094965e-05,0
2811,8.27126789738198e-06,0
2812,9.050468195809094e-05,0
2813,5.138857767083568e-05,0
2814,0.00010044307041556765,0
2815,0.0006321164731570238,0
2816,0.00019856958219909978,0
2817,4.822872519707137e-05,0
2818,8.944947409397681e-05,0
2819,9.28128039568508e-05,0
2820,0.0001452597173225425,0
2821,9.115679643617702e-05,0
2822,5.409021398596454e-05,0
2823,0.00024169992683742937,0
2824,0.00019110223559356312,0
2825,6.75808150000207e-05,0
2826,5.204261964549282e-05,0
2827,4.3398254511169905e-05,0
2828,0.0005265782910845466,0
2829,0.006979916201726346,0
2830,0.9835290700308772,1
2831,0.9992688343909806,1
2832,0.9924628108996237,1
2833,0.9940947234978706,1
2834,0.0003107854420720996,0
2835,0.0016983739958214331,0
2836,0.9874906025124559,1
2837,8.2464602256711e-05,0
2838,0.00015240083386612046,0
2839,0.0006812237679415373,0
2840,3.909154097602222e-05,0
2841,0.0007123885031568006,0
2842,6.188571838844627e-05,0
2843,9.823633691004468e-05,0
2844,2.6617811347601913e-05,0
2845,3.113083600227662e-05,0
2846,0.00010547394191156106,0
2847,0.00017120100031120416,0
2848,1.3174257946020237e-05,0
2849,1.6131985444840064e-05,0
2850,4.873852673222369e-06,0
2851,1.8170724762200688e-05,0
2852,2.166714548805407e-06,0
2853,4.382837520385515e-06,0
2854,1.6544399019436165e-06,0
2855,5.762550619613558e-06,0
2856,9.460175681648329e-05,0
2857,1.2739267241473559e-05,0
2858,2.128538848466953e-06,0
2859,9.718687232807737e-06,0
2860,1.4971225668163345e-05,0
2861,0.00010527717832749847,0
2862,1.6657061920964457e-06,0
2863,8.067644154951663e-05,0
2864,1.5801782291937654e-06,0
2865,1.1120869228645596e-05,0
2866,9.68389343984529e-06,0
2867,2.5857115240485464e-06,0
2868,1.0493374183766394e-06,0
2869,5.437386307731856e-06,0
2870,7.276476778839716e-05,0
2871,4.563367848683697e-05,0
2872,3.7663684414714154e-05,0
2873,2.4310519473985687e-05,0
2874,9.686250703824256e-06,0
2875,1.3132257819512454e-05,0
2876,0.0005313592135712748,0
2877,1.6454113857159336e-05,0
2878,3.1908528592250435e-05,0
2879,0.0006221571343761103,0
2880,0.0017799299042074422,0
2881,0.0003477178750014531,0
2882,4.5060720785979824e-05,0
2883,2.8553914018797707e-05,0
2884,1.549511353780039e-05,0
2885,0.00018679180601688868,0
2886,4.128602512941969e-05,0
2887,5.8531042032845865e-05,0
2888,7.39597454842536e-06,0
2889,4.215263999637238e-05,0
2890,3.244529077531396e-05,0
2891,0.00035688262056981574,0
2892,1.873343852193136e-05,0
2893,2.4150444433182928e-05,0
2894,0.014127754843187366,0
2895,0.04128299602530216,0
2896,0.9977494117071696,1
2897,0.9994452948630886,1
2898,0.9890728051574057,1
2899,0.9971073465992156,1
2900,0.9960541054882985,1
2901,0.995701117289194,1
2902,0.9948651577400507,1
2903,0.9993789974490184,1
2904,0.9977617472319219,1
2905,0.9825897491611851,1
2906,0.9931966502411277,1
2907,0.9911129824266707,1
2908,0.9921641361775106,1
2909,0.9873574588424339,1
2910,0.960979940871015,1
2911,0.7083768312447403,1
2912,0.9933472349610577,1
2913,0.9975603127202651,1
2914,0.992746421031449,1
2915,0.6062894693073848,1
2916,0.996357124366094,1
2917,0.9911221272885878,1
2918,0.9957166667908193,1
2919,0.9960040893675953,1
2920,0.19323987383466287,0
2921,0.02537812462561752,0
2922,0.9958915535860093,1
2923,0.9937834170016869,1
2924,0.9959296032308191,1
2925,0.01336805047183021,0
2926,0.0028659856866691917,0
2927,5.3337639759766466e-05,0
2928,2.4521478584589017e-05,0
2929,3.6159651196098154e-05,0
2930,8.195295415028654e-05,0
2931,6.304443354259386e-05,0
2932,0.00026680892460969414,0
2933,0.0001588205892959119,0
2934,0.0005168462033319332,0
2935,8.572280694346043e-05,0
2936,9.648993814821495e-05,0
2937,0.0010678561424046918,0
2938,5.2698770051123414e-05,0
2939,7.859693951041995e-05,0
2940,0.00022372578641953515,0
2941,0.0004030606844661965,0
2942,0.0001899644791532089,0
2943,0.00010796279268743115,0
2944,4.854352799725971e-05,0
2945,0.0009776374323568942,0
2946,0.0007652855849595436,0
2947,0.9958801396690649,1
2948,0.001593273568838064,0
2949,5.172164852934147e-05,0
2950,0.00024755664367820466,0
2951,0.0009008943025019426,0
2952,0.9905376344076682,1
2953,0.0004012302521380804,0
2954,0.000775622244905303,0
2955,0.002653311024149295,0
2956,0.9934807323425086,1
2957,0.9951347114189734,1
2958,0.8414249720370057,1
2959,0.9942808484743667,1
2960,0.9928851981814873,1
2961,0.9978522091175716,1
2962,0.00011367848708528479,0
2963,0.00012818804886370478,0
2964,0.00017467725749601906,0
2965,0.00014490393934864796,0
2966,0.00012703563604999106,0
2967,5.2704509600282954e-05,0
2968,5.2704509600282954e-05,0
2969,7.564808401321323e-05,0
2970,0.00011491647046789292,0
2971,8.524702009370638e-05,0
2972,0.00014156017272186293,0
2973,0.000105590903990033,0
2974,4.513815760502634e-05,0
2975,8.126840868584413e-05,0
2976,0.00033386723476121845,0
2977,0.00010919915179732648,0
2978,0.000636599898387778,0
2979,0.00010335680107045805,0
2980,0.00044976340741476647,0
2981,0.0005862574388259663,0
2982,0.00025503794476123713,0
2983,0.0003166828232910059,0
2984,4.485861242274315e-05,0
2985,5.88564961668814e-05,0
2986,3.640681520463288e-05,0
2987,0.019735596859977323,0
2988,9.492227040342415e-05,0
2989,7.54063188989077e-05,0
2990,0.006216977997177471,0
2991,0.0008125282276889984,0
2992,0.000705990468692562,0
2993,7.258554452075714e-05,0
2994,8.066986084809582e-05,0
2995,0.00015182122813154418,0
2996,3.829737464645792e-05,0
2997,0.0014350483384050106,0
2998,0.00012941039803632606,0
2999,0.00011475927845480743,0
3000,0.0009368761716043912,0
3001,0.00034389550573793204,0
3002,0.0022178225989169984,0
3003,0.0001932724275351155,0
3004,1.4873943034553567e-05,0
3005,1.6462593452315545e-06,0
3006,6.550282644550498e-06,0
3007,3.95468145440359e-06,0
3008,3.037130865948574e-06,0
3009,4.4508658523987164e-06,0
3010,1.0385209553537733e-05,0
3011,5.723100003978468e-06,0
3012,0.0005803088820531587,0
3013,0.00033489239314266365,0
3014,0.0004840471475445009,0
3015,0.0001629248426475557,0
3016,0.00033537692399872115,0
3017,8.878568291973436e-05,0
3018,0.0005030644353139672,0
3019,0.0013559455889215518,0
3020,6.331172127783686e-05,0
3021,0.00011113670036010567,0
3022,4.214367257021242e-05,0
3023,4.6730237307157345e-05,0
3024,0.00041718778122552493,0
3025,0.005000735454144105,0
3026,0.00014513167469632068,0
3027,0.014649483826048457,0
3028,0.001618765653470883,0
3029,6.070237651054204e-06,0
3030,0.00018020512199801335,0
3031,0.0001636875319184209,0
3032,2.306700048604945e-06,0
3033,1.095904180099308e-06,0
3034,4.939082610338245e-06,0
3035,2.093594621859506e-05,0
3036,1.136043816286747e-05,0
3037,6.726916107829133e-06,0
3038,2.3400125718566968e-06,0
3039,5.536779708974157e-06,0
3040,5.1822213095847604e-06,0
3041,2.5484714628839944e-06,0
3042,2.286073545288882e-06,0
3043,6.837571181913563e-06,0
3044,4.5657146555807144e-06,0
3045,1.344102262345283e-06,0
3046,1.481910722478456e-06,0
3047,6.669799039942267e-05,0
3048,4.086831566493195e-06,0
3049,3.2859557901048075e-06,0
3050,3.7553536769400594e-06,0
3051,5.011040405646261e-06,0
3052,2.151059569969085e-06,0
3053,2.5463659235131694e-06,0
3054,3.4626423555015626e-06,0
3055,4.538924204133768e-06,0
3056,7.050981657822371e-06,0
3057,1.3173263370592358e-06,0
3058,1.587282072946425e-06,0
3059,4.085239964782609e-06,0
3060,2.6796058383371733e-06,0
3061,1.3961937495265917e-06,0
3062,4.4709987124078324e-06,0
3063,2.484065863031013e-06,0
3064,2.057805177091493e-06,0
3065,3.097689617996512e-06,0
3066,9.312917256464738e-05,0
3067,3.285318122393379e-05,0
3068,5.718334592064463e-05,0
3069,6.251748046406937e-05,0
3070,0.00015303828922286466,0
3071,0.00018144435828199398,0
3072,1.991813439107101e-05,0
3073,0.00016354850555798863,0
3074,0.00010472251469186872,0
3075,0.001688878545170784,0
3076,8.998795013180027e-05,0
3077,0.00032665660082913355,0
3078,0.00021474403717109997,0
3079,4.973554015302706e-05,0
3080,0.007998742321081427,0
3081,0.0009658642616887724,0
3082,0.00014832364116100613,0
3083,0.0016812693384205075,0
3084,0.00692641634339323,0
3085,0.0015524192393398485,0
3086,0.0029050242974753104,0
3087,0.0048836501857235405,0
3088,0.004332339514080197,0
3089,0.011480176599538776,0
3090,0.0032022183541221207,0
3091,0.0007217172103856347,0
3092,0.004791983171032089,0
3093,0.0028187746348691516,0
3094,0.006648218522226669,0
3095,0.007601023782264704,0
3096,0.0738550691966961,0
3097,0.9872317203887172,1
3098,0.9811674686100934,1
3099,0.5332053702993087,1
3100,0.9902740793823115,1
3101,0.9889862750166025,1
3102,0.0009162769539209306,0
3103,0.004463068686091798,0
3104,0.00029618607832824297,0
3105,0.0006631199139657777,0
3106,0.0004928050665111612,0
3107,0.00018018897284976927,0
3108,0.0006662601353391521,0
3109,0.006889981642557236,0
3110,0.007029900598896607,0
3111,0.003260646504182597,0
3112,0.00011435916641269636,0
3113,0.0005211793685800118,0
3114,0.0012009537870619604,0
3115,1.2356588731382613e-05,0
3116,3.390380141339669e-05,0
3117,0.00016463590853954224,0
3118,6.179961309454236e-05,0
3119,0.0007743586842234278,0
3120,7.053775046859248e-05,0
3121,0.0013302347673368106,0
3122,1.8280301935659424e-06,0
3123,1.5083068626045002e-06,0
3124,8.737918680730086e-05,0
3125,9.732596139275256e-06,0
3126,1.49099386978496e-05,0
3127,5.240230532080179e-05,0
3128,1.1125309595300784e-05,0
3129,3.1486332837798436e-05,0
3130,5.443418795927851e-06,0
3131,2.267294250906499e-05,0
3132,3.6389731915035802e-06,0
3133,1.6133947572208788e-05,0
3134,2.702420902602972e-05,0
3135,5.310313946294087e-06,0
3136,8.031892981590724e-06,0
3137,1.0080189704850571e-05,0
3138,1.1081488768664735e-05,0
3139,9.471546711676845e-06,0
3140,1.7859731902528275e-05,0
3141,1.9086276515052537e-05,0
3142,7.099407315925984e-06,0
3143,1.4492954164685056e-05,0
3144,7.649806709730857e-06,0
3145,8.846181402433168e-06,0
3146,3.0152199828974293e-05,0
3147,6.89865969906737e-06,0
3148,5.553105122318619e-06,0
3149,5.724059784034875e-06,0
3150,1.7302181055189333e-05,0
3151,1.4972613957456354e-05,0
3152,3.669314702585862e-05,0
3153,1.6372167282824744e-05,0
3154,1.030055258269993e-05,0
3155,2.692525080298814e-05,0
3156,8.356837839162758e-06,0
3157,8.06055580541888e-06,0
3158,6.641592836842381e-05,0
3159,2.3179780459373465e-05,0
3160,8.279877779437389e-05,0
3161,2.290489400430319e-05,0
3162,3.796954279520742e-05,0
3163,4.1331282234005645e-05,0
3164,5.893381634712026e-05,0
3165,0.007781325991384987,0
3166,9.381956919993431e-05,0
3167,0.0001601117588141686,0
3168,5.962891609806005e-05,0
3169,0.0004855941464309197,0
3170,0.00021209920106946044,0
3171,0.0007314094648772481,0
3172,0.00035608005809065863,0
3173,0.00012608656479574793,0
3174,0.0011632920347097082,0
3175,0.0004507773018208543,0
3176,0.001077913942138102,0
3177,0.00025347531521129437,0
3178,0.00036521401619311525,0
3179,0.00017436401073367877,0
3180,0.0011294407854233607,0
3181,0.0005476386553328411,0
3182,0.002774886616229537,0
3183,0.005207354061980537,0
3184,0.0035875098362496364,0
3185,0.07950515484684519,0
3186,0.013850988125089442,0
3187,0.0005499975845331542,0
3188,3.2032632808684753e-05,0
3189,0.0005105289547068162,0
3190,4.0695426233974415e-05,0
3191,6.895651065058081e-06,0
3192,4.5090617731026816e-05,0
3193,2.3773350814319652e-05,0
3194,0.00010218678990097013,0
3195,2.0424135071710886e-05,0
3196,2.6258048907060806e-05,0
3197,2.608733677670159e-05,0
3198,0.0010174917303277162,0
3199,0.9821478535257371,1
3200,0.9912126293377136,1
3201,0.007560202702727872,0
3202,0.002090370434256451,0
3203,3.1311795626742385e-05,0
3204,0.00014356062274434718,0
3205,0.00010417867895967077,0
3206,3.102911799123345e-05,0
3207,2.706886785482575e-05,0
3208,2.5451058615997517e-05,0
3209,5.264437122241465e-05,0
3210,2.1787274008691157e-05,0
3211,2.7887534568856448e-05,0
3212,0.00019068179197307157,0
3213,0.00015379434911238463,0
3214,0.00013008155099931664,0
3215,0.0002664270913743926,0
3216,6.713860356681948e-06,0
3217,3.199385487862929e-06,0
3218,1.048217216513281e-05,0
3219,4.081281665505275e-06,0
3220,4.863409321217757e-06,0
3221,4.273540531369108e-06,0
3222,4.225444036155515e-06,0
3223,4.261595439014753e-06,0
3224,6.666943841353057e-06,0
3225,9.669000401521288e-07,0
3226,8.249815368997494e-06,0
3227,2.446217190407308e-06,0
3228,2.700315203046392e-05,0
3229,2.1734033367499296e-06,0
3230,6.253938603099953e-06,0
3231,3.5183340408242436e-06,0
3232,1.8347107948422504e-06,0
3233,1.3845919019690523e-06,0
3234,8.954093556880922e-06,0
3235,3.365826483838021e-06,0
3236,1.666070191529173e-06,0
3237,1.7350418177902892e-06,0
3238,2.7221029263273337e-06,0
3239,2.8115268466595747e-06,0
3240,3.1464808170285616e-06,0
3241,2.7723589311230245e-06,0
3242,4.1314208660679575e-06,0
3243,2.1883839141626015e-06,0
3244,2.028464931687627e-06,0
3245,1.847743261447218e-06,0
3246,1.130663894307192e-06,0
3247,1.4268277408657141e-06,0
3248,1.2147844649993356e-06,0
3249,1.488862541747865e-06,0
3250,2.070653237752529e-06,0
3251,3.900677992932634e-06,0
3252,6.620049963663076e-06,0
3253,2.3885732225624967e-06,0
3254,2.4327710535847574e-06,0
3255,2.1748582113172933e-06,0
3256,2.2816284859241267e-06,0
3257,7.335042247445248e-06,0
3258,0.0016987350339359288,0
3259,0.000466305926230327,0
3260,0.003267762243852797,0
3261,0.0010389737784152996,0
3262,3.589402304188774e-05,0
3263,4.4668834739049475e-05,0
3264,0.0010009099615721107,0
3265,0.0005926038324717014,0
3266,0.00027697874949467985,0
3267,0.0006273833714448371,0
3268,2.220720696745334e-05,0
3269,0.0007232861630673324,0
3270,1.897456675536687e-05,0
3271,0.00033258855730842714,0
3272,1.4828652283999213e-05,0
3273,3.302761064812707e-05,0
3274,1.267605145208994e-05,0
3275,2.7051650698766783e-05,0
3276,0.0001698609100876662,0
3277,2.5341678130383488e-05,0
3278,1.7097910448118148e-05,0
3279,6.6269662456605e-05,0
3280,1.8994652414955425e-05,0
3281,1.8774970642489195e-05,0
3282,1.7676610344472802e-05,0
3283,1.848757639374587e-05,0
3284,4.822992482806846e-05,0
3285,3.635752283637224e-05,0
3286,5.935648130167559e-05,0
3287,3.1079396224887195e-05,0
3288,0.00010821199913551777,0
3289,0.000389437077349581,0
3290,1.3153128027145423e-05,0
3291,1.0349279201275737e-05,0
3292,2.2122129822832808e-05,0
3293,3.233564930219602e-05,0
3294,1.8072291933807138e-05,0
3295,1.2183294639517235e-05,0
3296,4.488938491990487e-05,0
3297,7.796379260946448e-06,0
3298,1.0179223660970067e-05,0
3299,0.00026041144517840786,0
3300,0.002289909022527562,0
3301,0.0010346696258237394,0
3302,0.0011732613423683768,0
3303,0.0005081316425872912,0
3304,0.00046181667735009115,0
3305,0.00011296126082293086,0
3306,0.0005345894598061785,0
3307,0.0002358995343787061,0
3308,0.0003053634200797085,0
3309,9.359667342260917e-05,0
3310,0.0003915974268176997,0
3311,0.0005424079915765242,0
3312,0.00040292639214165976,0
3313,0.0007211565669312403,0
3314,0.0007510832100573426,0
3315,0.9937408875176187,1
3316,0.00022049634784320748,0
3317,0.0008956114300477658,0
3318,5.7370679801183405e-05,0
3319,0.00014490583048990959,0
3320,6.720835458532293e-05,0
3321,8.532611898424364e-05,0
3322,0.00010019260367921474,0
3323,2.4010700396383136e-05,0
3324,0.00010007581387481377,0
3325,0.00028896596224414403,0
3326,0.00032730009539006606,0
3327,8.625522438213987e-05,0
3328,0.0002851378966704503,0
3329,9.156986578661675e-05,0
3330,9.497445344088487e-05,0
3331,0.00010072916078967136,0
3332,0.00010683965638843931,0
3333,0.00029789897397630233,0
3334,0.0004893403323148954,0
3335,0.00028148350928024944,0
3336,0.00047636036457391283,0
3337,9.4482558215419e-05,0
3338,0.0005628523982126706,0
3339,0.0004669177208814676,0
3340,0.00015291597628021397,0
3341,0.000684985378943209,0
3342,0.0001394461101250989,0
3343,0.00041709166105359627,0
3344,0.0005273067978973771,0
3345,0.0002594749837377193,0
3346,0.00023405191566384305,0
3347,0.00015701538543122322,0
3348,0.00032802784243431745,0
3349,0.0001766966546566936,0
3350,0.00030431594900825034,0
3351,0.00043470065054342186,0
3352,0.0004959879945846164,0
3353,0.0005592881258363079,0
3354,0.0003835864441348213,0
3355,0.0002796992763065939,0
3356,0.00044435896911802997,0
3357,3.7938760980618085e-06,0
3358,1.7011372886764344e-06,0
3359,4.529458977557757e-06,0
3360,2.9093108970798255e-06,0
3361,3.512439533784472e-06,0
3362,2.704764334491157e-06,0
3363,6.470410959716104e-06,0
3364,4.0594099088999424e-06,0
3365,3.403191755608951e-06,0
3366,2.264225152392524e-06,0
3367,1.8053049654314172e-06,0
3368,4.3782204032420035e-06,0
3369,1.7856831061393384e-06,0
3370,4.382957778506664e-06,0
3371,0.00021183313511980115,0
3372,6.905796807782575e-05,0
3373,0.0009721308380347963,0
3374,0.0008264581464815216,0
3375,2.9364455230728715e-05,0
3376,0.00029481202164915196,0
3377,0.0021083344946711594,0
3378,0.00034511864561468714,0
3379,0.001238085071821991,0
3380,0.0006407812898345888,0
3381,4.804054774119083e-05,0
3382,0.0008171026628508457,0
3383,0.0001053198897385962,0
3384,0.0009636491136615423,0
3385,0.0014566840022048897,0
3386,0.0014235527178201959,0
3387,6.28718021849044e-05,0
3388,0.0004992459515883493,0
3389,0.000429166201014029,0
3390,0.0013371458926272428,0
3391,4.620729474433887e-05,0
3392,0.0013190310321693083,0
3393,1.2203058977374494e-06,0
3394,0.00014079160975672986,0
3395,1.74569263960278e-05,0
3396,0.0003372217906171789,0
3397,9.958611304580344e-05,0
3398,0.0007329877625286205,0
3399,0.002972784276340171,0
3400,5.4392245998399445e-06,0
3401,6.467482103449238e-05,0
3402,0.0007712778282937168,0
3403,0.007424878260787741,0
3404,0.011486191287584612,0
3405,0.00011979658014672095,0
3406,0.00037540315662779934,0
3407,2.149024979685304e-06,0
3408,2.124379763885638e-05,0
3409,0.0001598429864992389,0
3410,0.0006782690343819786,0
3411,7.116256457625166e-07,0
3412,0.002160956487453253,0
3413,0.00022378256942664888,0
3414,0.0003594867999630846,0
3415,0.0334666674572324,0
3416,0.0002711816370937863,0
3417,0.00010762879667210305,0
3418,8.908808672821348e-05,0
3419,1.792343770466414e-06,0
3420,2.773498296243937e-06,0
3421,2.0003378900697923e-06,0
3422,1.2530418596006216e-06,0
3423,6.869463301785425e-06,0
3424,4.898936712699527e-06,0
3425,4.367604086233948e-06,0
3426,0.003970360038664586,0
3427,0.000943644401945152,0
3428,0.00016463829758096567,0
3429,2.571374667118306e-05,0
3430,0.0023881765783468987,0
3431,0.00018366949959454593,0
3432,3.407538073947188e-05,0
3433,1.4833225777761345e-06,0
3434,0.0002731964749678122,0
3435,0.0003342606878236519,0
3436,5.860909191568167e-05,0
3437,0.00037104815244256087,0
3438,2.41293561377779e-05,0
3439,0.002109507412461987,0
3440,0.0017109973178969435,0
3441,2.487775543403248e-06,0
3442,3.5378987879317066e-06,0
3443,4.9165246218579163e-05,0
3444,7.093922546479807e-05,0
3445,6.595921318729253e-06,0
3446,4.896436953709852e-06,0
3447,0.006007743715404254,0
3448,0.0009873621506992741,0
3449,0.00027401074318285525,0
3450,2.795113378457374e-05,0
3451,2.2736818065998617e-05,0
3452,5.084401073003303e-05,0
3453,5.379230144199571e-06,0
3454,4.010628418909618e-06,0
3455,8.797947751264739e-06,0
3456,9.096887147647106e-06,0
3457,1.972024792944068e-05,0
3458,2.7665212398944305e-06,0
3459,9.679109032451323e-06,0
3460,0.00016719737357348837,0
3461,0.00010503179692515134,0
3462,0.0001009299662358068,0
3463,0.0001075067015148374,0
3464,0.0003924103965827915,0
3465,0.00016109672333713745,0
3466,2.761767362075027e-05,0
3467,3.798873100866529e-05,0
3468,6.908614773549139e-06,0
3469,4.207751529541218e-06,0
3470,6.479286020437473e-06,0
3471,4.711038409923902e-06,0
3472,5.965233268016446e-06,0
3473,4.246376167764497e-06,0
3474,2.7603653115291863e-06,0
3475,1.2017204454296096e-05,0
3476,1.1897242685284918e-05,0
3477,8.297574498298274e-06,0
3478,0.0002770171149739609,0
3479,5.884274879587099e-06,0
3480,0.00011362868180477112,0
3481,1.1353131213825874e-05,0
3482,0.00031787163224813704,0
3483,2.0366854843522486e-06,0
3484,1.2637451837157041e-05,0
3485,1.9978636292378268e-05,0
3486,5.862510900659073e-06,0
3487,4.561230887493732e-06,0
3488,1.8459875331990288e-06,0
3489,1.4821588288646486e-06,0
3490,1.3595571519309118e-06,0
3491,4.99673514606082e-06,0
3492,1.2516178835672336e-06,0
3493,1.1244813782073873e-06,0
3494,9.704575610145113e-07,0
3495,2.6045635609924007e-06,0
3496,1.4422806263665107e-06,0
3497,1.8187782585181656e-06,0
3498,1.695746923291182e-06,0
3499,1.6227938149496702e-06,0
3500,1.1887830159809453e-06,0
3501,1.3550874158192712e-06,0
3502,1.2566242049453825e-06,0
3503,9.517674453293531e-07,0
3504,1.7537563181279534e-06,0
3505,3.8634724509446635e-05,0
3506,2.2077234162099706e-05,0
3507,9.52087715185396e-07,0
3508,5.5887110695354694e-06,0
3509,2.746854367663972e-06,0
3510,2.281994593638899e-06,0
3511,2.3801431763155623e-06,0
3512,1.619435489223525e-06,0
3513,1.4725328527939221e-06,0
3514,9.999840765400398e-07,0
3515,2.975890399511189e-06,0
3516,7.112215594385445e-07,0
3517,1.2582328859241981e-06,0
3518,1.243005577168273e-06,0
3519,1.0607300214772887e-06,0
3520,8.243962770090772e-07,0
3521,1.4012218453496643e-06,0
3522,1.3276958326589435e-06,0
3523,1.2644078225518815e-06,0
3524,1.6851570397549047e-06,0
3525,1.0967614811629649e-06,0
3526,4.928586594590721e-06,0
3527,9.100372842757503e-07,0
3528,1.1510313690216644e-06,0
3529,1.0171983303741612e-06,0
3530,7.78515500165789e-07,0
3531,1.2654183580278889e-06,0
3532,2.185866956654003e-06,0
3533,2.201541266400704e-06,0
3534,1.9549788997294874e-06,0
3535,5.557502614279167e-05,0
3536,5.100571977136496e-05,0
3537,3.3042796749280563e-06,0
3538,1.92754858463818e-06,0
3539,2.679535381069053e-05,0
3540,1.2653521085425404e-06,0
3541,1.134022189408695e-06,0
3542,0.0001269302585870487,0
3543,2.5188590083792604e-06,0
3544,1.577991425641374e-06,0
3545,1.003056356337174e-06,0
3546,8.588783720385152e-07,0
3547,3.1270168926134994e-06,0
3548,3.2143598023338218e-06,0
3549,9.589567597283257e-07,0
3550,2.128916548975724e-06,0
3551,4.6886135203834705e-07,0
3552,5.748470121749834e-07,0
3553,1.2797153949177428e-06,0
3554,7.73324665418955e-07,0
3555,2.6982396952808545e-05,0
3556,0.006454894636308143,0
3557,6.048932689464937e-06,0
3558,3.604636647529517e-05,0
3559,2.976232072120943e-06,0
3560,1.179876207414536e-06,0
3561,1.4841698605198866e-06,0
3562,1.5309068721073697e-06,0
3563,1.3931736443621847e-06,0
3564,6.045425054757715e-07,0
3565,1.3541999213470708e-06,0
3566,4.2518390035990336e-07,0
3567,0.00022876483447763693,0
3568,5.769909372132365e-07,0
3569,6.432139661512359e-07,0
3570,9.068247136700189e-07,0
3571,7.326763134742092e-07,0
3572,4.227982311716118e-06,0
3573,2.1518659672247547e-06,0
3574,2.555941006817685e-06,0
3575,3.357916539235271e-06,0
3576,2.5380282461306636e-06,0
3577,4.902587343848265e-06,0
3578,4.751537919443738e-06,0
3579,4.492054257966205e-06,0
3580,7.46043252960197e-07,0
3581,4.443994675497045e-06,0
3582,5.003539623231304e-06,0
3583,5.199917104715156e-07,0
3584,1.719570458164105e-06,0
3585,7.921658588464814e-07,0
3586,1.7451757035462421e-06,0
3587,3.7622327081814643e-06,0
3588,5.223991402785428e-07,0
3589,5.445642389903333e-07,0
3590,1.6182467726622945e-06,0
3591,6.789032078868966e-07,0
3592,1.0224931004601014e-06,0
3593,0.04043519969618491,0
3594,6.750352044078007e-05,0
3595,3.347610851831198e-05,0
3596,2.9665566359946037e-05,0
3597,1.873696104547207e-05,0
3598,3.40432916227635e-05,0
3599,1.4706983293201593e-05,0
3600,5.9603154488038856e-05,0
3601,5.653733466224986e-06,0
3602,1.4525100501816566e-05,0
3603,7.418598147151133e-05,0
3604,1.6842739511976767e-05,0
3605,0.00013122985185319526,0
3606,2.8390790715745915e-05,0
3607,0.00028093331548072496,0
3608,2.244754777403496e-06,0
3609,2.429068642860813e-06,0
3610,2.159289138008384e-06,0
3611,8.977816687124553e-07,0
3612,1.6941764226416698e-06,0
3613,6.6120465560142914e-06,0
3614,1.610075217469546e-06,0
3615,1.5915730766642683e-06,0
3616,9.428479813354282e-06,0
3617,2.3160992609202492e-06,0
3618,1.45764452020237e-05,0
3619,1.6740449433184044e-05,0
3620,1.3311286245546636e-05,0
3621,1.0842043506856242e-05,0
3622,4.717483653543055e-06,0
3623,1.7149891015335385e-06,0
3624,0.00011838942977501807,0
3625,0.00015075422377295206,0
3626,0.002638062253496499,0
3627,0.0015394508073483114,0
3628,0.003601183826161898,0
3629,6.530507950915936e-07,0
3630,9.196269460339233e-05,0
3631,2.4234433319610496e-06,0
3632,7.604305831518247e-05,0
3633,0.0001340570377273572,0
3634,9.045930388236545e-05,0
3635,4.097613292905405e-05,0
3636,6.303269028845375e-05,0
3637,0.022772250203476844,0
3638,0.0005694033316057024,0
3639,9.811317085579415e-06,0
3640,1.7510860887403267e-06,0
3641,3.6701681753239476e-06,0
3642,1.447696159228968e-06,0
3643,0.0005228431083201242,0
3644,1.311030659363104e-05,0
3645,1.756998079196068e-06,0
3646,1.8481896013182392e-06,0
3647,1.9385517645107815e-06,0
3648,2.282008760825985e-06,0
3649,1.1935008761982469e-06,0
3650,1.8942620465724096e-06,0
3651,4.8664418834656804e-05,0
3652,2.247741089385156e-06,0
3653,2.6081786789354837e-06,0
3654,1.2729337983926524e-06,0
3655,1.8736698543121103e-06,0
3656,7.586679492398237e-05,0
3657,5.1911569377026814e-05,0
3658,2.74764323341549e-06,0
3659,2.528126523474149e-06,0
3660,2.0830071212622127e-06,0
3661,3.3016160069977825e-06,0
3662,2.043855903574711e-06,0
3663,1.7605239455296678e-06,0
3664,1.8855473448744376e-06,0
3665,1.223742500253925e-06,0
3666,3.3500519113761335e-06,0
3667,2.4619870117089605e-06,0
3668,1.5058657017114188e-06,0
3669,3.373121298261336e-05,0
3670,0.0031135703910472974,0
3671,0.00041054183904912347,0
3672,3.396485099562379e-06,0
3673,5.990063471508543e-07,0
3674,2.1187770387587487e-06,0
3675,2.0344538701598185e-06,0
3676,1.2460005197324392e-06,0
3677,5.02794368239262e-06,0
3678,1.4466278321861344e-06,0
3679,4.497511761378258e-06,0
3680,1.6439374672559423e-05,0
3681,3.405291027226759e-06,0
3682,2.622684116815758e-06,0
3683,3.244442674055372e-06,0
3684,1.342327099342759e-06,0
3685,2.3634445641945867e-06,0
3686,2.5213247959775092e-06,0
3687,2.540170109873837e-06,0
3688,1.8546792991736373e-06,0
3689,4.002260443864487e-06,0
3690,1.8695444785863501e-06,0
3691,2.034915954509503e-06,0
3692,1.4846512252641594e-06,0
3693,2.0129692230717398e-06,0
3694,3.0080231962242402e-06,0
3695,2.073522067082507e-06,0
3696,3.5130410718973527e-06,0
3697,2.4002256754157957e-06,0
3698,1.2951621613410792e-06,0
3699,1.6983494219721411e-06,0
3700,1.4776809065668345e-06,0
3701,1.7523207639642246e-06,0
3702,2.455800336511936e-06,0
3703,0.00011605091468564812,0
3704,0.0006439125303726805,0
3705,1.62823348468285e-06,0
3706,1.7605772098531525e-06,0
3707,2.730297920703364e-06,0
3708,1.1244298389419693e-06,0
3709,3.9927020382853534e-06,0
3710,3.44161424756393e-06,0
3711,1.683274677269222e-06,0
3712,1.6872698013976762e-06,0
3713,2.591777778893748e-06,0
3714,1.9111915851519106e-06,0
3715,4.740750353273776e-06,0
3716,1.777100764497178e-05,0
3717,1.3478947672814826e-06,0
3718,1.3040279704579733e-06,0
3719,1.1554291689241838e-06,0
3720,1.57723629897985e-06,0
3721,4.152928904640999e-06,0
3722,1.6888214429285498e-06,0
3723,1.3922534833893486e-06,0
3724,4.248365171594303e-06,0
3725,1.414499855892209e-06,0
3726,5.29872776423355e-06,0
3727,5.4211473113656304e-05,0
3728,1.5101195280717617e-05,0
3729,8.307068716888479e-07,0
3730,6.124146515814663e-06,0
3731,8.830268785299309e-06,0
3732,0.0003625666277304591,0
3733,0.0004154352152587863,0
3734,1.4211756153991429e-06,0
3735,4.3085406085499965e-06,0
3736,2.61583011336996e-06,0
3737,1.861091471163583e-06,0
3738,1.76910696551775e-06,0
3739,9.830280091481848e-07,0
3740,1.2986483552910125e-06,0
3741,2.825148837100607e-06,0
3742,1.8087772783136873e-06,0
3743,3.2215190097179314e-06,0
3744,4.344081716212622e-06,0
3745,3.51447541990238e-06,0
3746,7.170047858966921e-06,0
3747,3.78912756267195e-06,0
3748,9.181369133962993e-07,0
3749,6.332979577299194e-07,0
3750,1.4645288553107777e-06,0
3751,4.790751291342307e-06,0
3752,9.060499746038702e-07,0
3753,2.9775649439474615e-06,0
3754,0.003593481509620008,0
3755,2.4154834969743946e-05,0
3756,0.0008194248909205436,0
3757,1.6182365638221137e-06,0
3758,4.319989447666808e-07,0
3759,7.920785095385457e-07,0
3760,3.8966474470891503e-07,0
3761,8.429563747880444e-07,0
3762,5.465699693765996e-07,0
3763,5.125493333179072e-07,0
3764,5.221532602139169e-06,0
3765,2.881161143831203e-06,0
3766,5.124329241000903e-07,0
3767,1.9308755721284173e-06,0
3768,1.0576610176006433e-06,0
3769,6.584394112554601e-06,0
3770,9.217776545326868e-07,0
3771,7.328428351441312e-07,0
3772,7.227690031782698e-07,0
3773,6.963367711798127e-07,0
3774,8.972603147128204e-07,0
3775,0.00010733703884751344,0
3776,3.2823292213254795e-06,0
3777,1.4253980045027347e-06,0
3778,1.491929408896672e-06,0
3779,2.0941857760967996e-06,0
3780,6.777036073682878e-07,0
3781,1.994192631056723e-06,0
3782,3.578046362902675e-07,0
3783,7.270082196750197e-07,0
3784,1.565603981926367e-06,0
3785,7.397704284469748e-07,0
3786,7.234280610466505e-06,0
3787,2.4704395163058817e-06,0
3788,2.4311223764173083e-06,0
3789,8.641973339989733e-07,0
3790,4.088078930858492e-06,0
3791,1.9472029764873726e-06,0
3792,4.9510501764769215e-06,0
3793,1.0274860633590673e-06,0
3794,1.3497615842846287e-06,0
3795,2.7618186010283594e-05,0
3796,1.1380289184792938e-06,0
3797,1.6530203682767378e-05,0
3798,0.0010541791135620523,0
3799,9.422653830229436e-07,0
3800,1.9027455393889352e-06,0
3801,6.310829093565374e-07,0
3802,1.0744999783169978e-06,0
3803,1.6470621473469497e-06,0
3804,2.166382813616067e-06,0
3805,0.0015283708283581664,0
3806,0.006991052290387335,0
3807,8.673837653441752e-07,0
3808,1.7810039177220276e-05,0
3809,1.8138505532959554e-06,0
3810,1.1572697378493072e-06,0
3811,3.832777656329708e-06,0
3812,3.4028818587894073e-06,0
3813,3.536987728427617e-06,0
3814,3.2097825949215726e-06,0
3815,3.6774261588667078e-06,0
3816,7.685239259481883e-06,0
3817,6.723603533447821e-07,0
3818,9.43302291532826e-07,0
3819,1.6324134549099414e-06,0
3820,8.04867819315978e-06,0
3821,2.3634504887062936e-06,0
3822,3.476926503739695e-06,0
3823,2.4257855635611707e-06,0
3824,1.2507546837742491e-05,0
3825,2.4806808427507194e-06,0
3826,2.5045205456126164e-06,0
3827,1.4343484431470759e-06,0
3828,0.0003121957276578085,0
3829,0.00011400259484807927,0
3830,7.727298189388994e-06,0
3831,8.627941365394875e-06,0
3832,5.511891814287002e-07,0
3833,2.2288819686532434e-06,0
3834,7.967332703196427e-07,0
3835,1.0858255713586705e-06,0
3836,8.15767468499751e-07,0
3837,2.9854626441678053e-06,0
3838,1.212382402773657e-05,0
3839,5.760700180208486e-07,0
3840,4.204913236496651e-06,0
3841,8.894763143947551e-06,0
3842,6.000261591854337e-07,0
3843,8.179627700853381e-07,0
3844,9.274480565602657e-07,0
3845,6.875292158458839e-07,0
3846,9.67394646458177e-06,0
3847,0.002611241629558166,0
3848,4.945067076832728e-06,0
3849,1.4438122427173274e-06,0
3850,1.2781811763433884e-06,0
3851,3.496210048385359e-06,0
3852,1.1645727269395486e-05,0
3853,3.6703151730468737e-06,0
3854,3.313371949628604e-06,0
3855,2.298589456555476e-06,0
3856,4.2307991049025665e-06,0
3857,4.543038434564798e-06,0
3858,0.0033141379268405604,0
3859,0.000384179392555588,0
3860,6.774073914105754e-05,0
3861,2.1149312876922033e-06,0
3862,2.454036036506048e-06,0
3863,2.5685123796356425e-06,0
3864,0.0009987424405918084,0
3865,3.2276226683858154e-05,0
3866,3.436464319151861e-05,0
3867,1.0558256699562488e-05,0
3868,0.0007191147812447657,0
3869,1.1993600176185221e-05,0
3870,1.285127144823314e-05,0
3871,5.798642348652925e-06,0
3872,0.006271466371555074,0
3873,7.355493755864408e-05,0
3874,1.7252838534206552e-06,0
3875,6.268061924371916e-06,0
3876,0.0012594660267690025,0
3877,2.3961638670264972e-06,0
3878,3.3180698136473743e-06,0
3879,4.082104830814402e-06,0
3880,2.4362381357604704e-06,0
3881,4.890646789032846e-06,0
3882,0.0003889447945721688,0
3883,0.0013881359342438036,0
3884,0.00024738446967777233,0
3885,6.640708442125151e-06,0
3886,3.26016006018871e-06,0
3887,1.4760728835154652e-06,0
3888,2.065503495681372e-06,0
3889,1.4759715639347633e-06,0
3890,2.095654382410271e-06,0
3891,2.721037034387323e-06,0
3892,0.0007462003730688452,0
3893,0.004218131645392401,0
3894,6.928119908055119e-06,0
3895,1.9013360173543343e-05,0
3896,1.5141637846241e-06,0
3897,0.02476202718939274,0
3898,0.00043048593432198033,0
3899,1.6898352162739673e-06,0
3900,0.001677072441881756,0
3901,1.3455058471262187e-06,0
3902,0.0007273071101109843,0
3903,0.023164148286286396,0
3904,0.009532838915900283,0
3905,0.0421439925220019,0
3906,0.02202819923865614,0
3907,0.005240182989822369,0
3908,0.02670916382995619,0
3909,0.03664146420837675,0
3910,0.07723254192379209,0
3911,0.0469769297343406,0
3912,0.9469198453411551,1
3913,0.8533524225845054,1
3914,0.0017608763203915971,0
3915,0.00460709583965914,0
3916,0.02460169912179035,0
3917,0.0002966701474733844,0
3918,0.0005125406888389441,0
3919,0.001115174801138602,0
3920,0.008286818278947646,0
3921,0.007428417395550791,0
3922,0.00839035748847596,0
3923,0.04361028466051454,0
3924,0.0004419876983505911,0
3925,0.0008730455584904717,0
3926,0.002171076172531268,0
3927,0.002001352107605732,0
3928,0.0025906274367708585,0
3929,0.0005051350642058896,0
3930,0.002938517633020816,0
3931,0.0011515939185310342,0
3932,0.0036385496166058276,0
3933,0.0010188740286554512,0
3934,0.002408414171032952,0
3935,0.002571747069835588,0
3936,0.006466896185344903,0
3937,0.017703572985617172,0
3938,0.01245541761712232,0
3939,0.0013492970508318751,0
3940,0.0010188919429412518,0
3941,0.9900474464103923,1
3942,0.9918691752200346,1
3943,0.002209971775016868,0
3944,0.04008187647588952,0
3945,0.9957900471372388,1
3946,0.9945856984851751,1
3947,0.9981439471431577,1
3948,0.9914287712917219,1
3949,0.9781642866061537,1
3950,0.024198107879949377,0
3951,0.01221185854227569,0
3952,0.9805855315042579,1
3953,0.6522856248425832,1
3954,0.9938830870218528,1
3955,0.992154981337966,1
3956,0.9938661275471352,1
3957,0.9843504180483584,1
3958,0.9944429431288863,1
3959,0.997950833783212,1
3960,0.9946933097219756,1
3961,0.9982657335744576,1
3962,0.997942171789244,1
3963,0.9787376974978842,1
3964,0.6059686718732269,1
3965,0.9810025874580962,1
3966,0.9961659221639855,1
3967,0.9799313405075721,1
3968,0.9771684144481755,1
3969,0.991332581527147,1
3970,0.9852527187456319,1
3971,0.9789167334395006,1
3972,0.9987761234964617,1
3973,0.9848994292729194,1
3974,0.9925152688234623,1
3975,0.9935132722358517,1
3976,0.9950977577949673,1
3977,0.9855418410746436,1
3978,0.9916717841136067,1
3979,0.9969428665799622,1
3980,0.9949930858974195,1
3981,0.9976710206032302,1
3982,0.9952543710839166,1
3983,0.9985351692185734,1
3984,0.9958642522824235,1
3985,0.9959628496884066,1
3986,0.9964022015303088,1
3987,0.9878507005527376,1
3988,0.982254404819724,1
3989,0.9997500625234396,1
3990,0.9995176557676118,1
3991,0.9824311881435969,1
3992,0.002890159114603357,0
3993,0.034368383622573176,0
3994,0.005428099341746132,0
3995,0.8270104355371167,1
3996,0.0038522660944860497,0
3997,0.011652630610380741,0
3998,0.63656739598477,1
3999,0.01659598428120491,0
4000,0.024105223430342663,0
4001,0.02662836276037783,0
4002,0.008792398165128562,0
4003,0.9644756434925535,1
4004,0.9867601288047493,1
4005,0.9756710734201942,1
4006,0.9970606435920668,1
4007,0.021228444187365452,0
4008,0.99547677686937,1
4009,0.827749273190361,1
4010,0.9838170124939329,1
4011,0.985266407550774,1
4012,0.7939550540841033,1
4013,0.9786483136479192,1
4014,0.9969152953611257,1
4015,0.997551420567569,1
4016,0.9951825718671453,1
4017,0.9787262386495389,1
4018,0.9993107471485747,1
4019,0.024221856409305558,0
4020,0.005150468007423055,0
4021,0.018823288320024386,0
4022,0.003756365345794173,0
4023,0.0016859735719673675,0
4024,0.9826361177058743,1
4025,0.00047028449212099804,0
4026,0.00559274403764431,0
4027,0.00541160981347568,0
4028,0.0011262197593758722,0
4029,0.00135880159595778,0
4030,0.00083831915888902,0
4031,0.5327311360908895,1
4032,0.1076441749579152,0
4033,0.025521174953711402,0
4034,0.000301826937495392,0
4035,0.0001025724803754438,0
4036,0.0004968590571134279,0
4037,0.001219715957690819,0
4038,0.00034572946705852724,0
4039,0.0002112531385413444,0
4040,0.0020044797669714737,0
4041,0.0001427441529815853,0
4042,0.014109142464853073,0
4043,0.02612220872957829,0
4044,0.00034920385084193117,0
4045,0.00029977936185888847,0
4046,0.00027643002829613733,0
4047,0.004041105130544332,0
4048,0.00019887687512577145,0
4049,6.699520429751284e-05,0
4050,9.505322057765328e-05,0
4051,8.755201131483053e-05,0
4052,0.00010139923575246007,0
4053,0.0001296651132925941,0
4054,0.00014424058679924032,0
4055,0.00023897485234870093,0
4056,0.012204003435190921,0
4057,0.0002134925112732662,0
4058,8.787248515603067e-05,0
4059,0.003979223468323831,0
4060,0.00026290007698615193,0
4061,0.0004659145629339893,0
4062,0.004664374081984503,0
4063,6.626434320194598e-05,0
4064,0.006594222467312576,0
4065,0.014932475798239657,0
4066,0.0020917827789288614,0
4067,0.0009478330370259454,0
4068,0.007232906694071987,0
4069,0.017798199112660756,0
4070,0.000343443820612102,0
4071,0.0002442528616038217,0
4072,0.0009184249953666401,0
4073,0.00012787612578166733,0
4074,0.0008744943919429681,0
4075,0.000377109503207792,0
4076,0.0005121331403907216,0
4077,0.00018593172489884195,0
4078,0.0008903733339268965,0
4079,0.008283185684758538,0
4080,0.02854779272316326,0
4081,0.0013547981336591423,0
4082,0.0016773811399399118,0
4083,0.03328184159620777,0
4084,0.02027966099346684,0
4085,0.028690255689688214,0
4086,0.9719400327990247,1
4087,0.9987523566442607,1
4088,0.9984626729109184,1
4089,0.965181495696942,1
4090,0.9990977936013543,1
4091,0.9932237900329408,1
4092,0.9715721824225757,1
4093,0.9959888174949396,1
4094,0.9790111519908462,1
4095,0.3202572408183086,0
4096,0.9251569623573018,1
4097,0.9918662067890992,1
4098,0.9969214989272731,1
4099,0.992473136182926,1
4100,0.9989807157632458,1
4101,0.9978680171569498,1
4102,0.9972798985865268,1
4103,0.9857139055877481,1
4104,0.9775428754611958,1
4105,0.9769470662465373,1
4106,0.9936608265314448,1
4107,0.9804540873110948,1
4108,5.935443401861426e-05,0
4109,6.126261311254958e-05,0
4110,0.0009872995662612049,0
4111,0.007514780329541705,0
4112,0.017100202394937574,0
4113,0.00024618066246989386,0
4114,0.0028848006601736483,0
4115,0.00037735497574891894,0
4116,0.05277252966446684,0
4117,0.013306746644394683,0
4118,0.00033891300362561856,0
4119,0.000974923951148046,0
4120,0.36035318195084526,0
4121,0.002650724676202271,0
4122,0.0002604855970993191,0
4123,0.0003869412711541905,0
4124,0.00017912388859325304,0
4125,0.00010863909877886085,0
4126,0.0002341692976245146,0
4127,0.0011188191533243164,0
4128,0.0023639405130108557,0
4129,0.04055683061380556,0
4130,0.0007125928135346761,0
4131,0.00021303403371898013,0
4132,0.006717919430263639,0
4133,0.03888132702461796,0
4134,0.0007671770180308382,0
4135,0.014969130610654732,0
4136,0.9764390221623219,1
4137,0.17443475024941144,0
4138,0.9768324770612526,1
4139,0.985336444237883,1
4140,0.990037760092434,1
4141,0.9885359872719974,1
4142,0.9807071654237951,1
4143,0.9954499530480975,1
4144,0.005585440336100998,0
4145,0.006770712876895234,0
4146,0.013755786736755546,0
4147,0.9746811143640032,1
4148,0.8710505683803562,1
4149,0.9906559849867643,1
4150,0.5070139385164671,1
4151,0.0006099891731630524,0
4152,0.35715794615812124,0
4153,0.0075071076662981415,0
4154,0.06217576040525953,0
4155,0.08087039880891629,0
4156,0.019837147274664246,0
4157,0.04139052316720025,0
4158,0.006401354443891908,0
4159,0.9841477652837046,1
4160,0.7773964291694606,1
4161,0.9812457264569178,1
4162,0.978626649889597,1
4163,0.9897293479367522,1
4164,0.9972219666377242,1
4165,0.9995146120626374,1
4166,0.13533219304568853,0
4167,0.0025040840251550887,0
4168,0.002494200634556161,0
4169,0.0004297159655814654,0
4170,0.003334597097938909,0
4171,0.015151099624704074,0
4172,0.009343036061800942,0
4173,0.01490008351822439,0
4174,0.006589710363279718,0
4175,0.9825836207424589,1
4176,0.968303689824439,1
4177,0.9984328847295788,1
4178,0.9988436012084333,1
4179,0.9936609492527972,1
4180,0.9924489649592069,1
4181,0.998813617192885,1
4182,0.016810850871492002,0
4183,0.008774876979162665,0
4184,0.9529305850543156,1
4185,0.9895659706212624,1
4186,0.9985055837763814,1
4187,0.9737352047034564,1
4188,0.007726265585386993,0
4189,0.5772046223012944,1
4190,0.0034003248586789896,0
4191,0.0007580864583275611,0
4192,0.000891518883617561,0
4193,0.002037449778781447,0
4194,0.0008864582105765701,0
4195,0.0007126043049550083,0
4196,0.000797822848526868,0
4197,0.0128885199954873,0
4198,0.005563462891676455,0
4199,0.00045930776981438444,0
4200,0.00024338096598159318,0
4201,0.0002906090858880167,0
4202,0.006312792455574695,0
4203,0.0003844731112198419,0
4204,0.00048539558237492233,0
4205,0.01020250668514493,0
4206,0.002469934521927769,0
4207,0.0011468850821053287,0
4208,0.017423587846290663,0
4209,0.0008619076010540106,0
4210,0.002205643892997615,0
4211,0.0007869218296829665,0
4212,0.02098198775876837,0
4213,0.03141292120899626,0
4214,0.893864073847849,1
4215,0.9983254094941014,1
4216,0.9984102671691371,1
4217,0.9950969243397162,1
4218,0.994699481630764,1
4219,0.9962957840326896,1
4220,0.9969460410159539,1
4221,0.9997394362407304,1
4222,0.918965597480267,1
4223,0.9966992041583053,1
4224,0.9924485063700327,1
4225,0.9961527699928949,1
4226,0.6892298434102376,1
4227,0.9906334122483894,1
4228,0.22264317499386754,0
4229,0.033974025869019424,0
4230,0.8765990722972568,1
4231,0.9765307280018283,1
4232,0.043805659240216024,0
4233,0.9939089043236061,1
4234,0.9951502800306343,1
4235,0.9995192083540823,1
4236,0.9896956423088821,1
4237,0.9994486214245026,1
4238,0.9998932469181505,1
4239,0.9990204909539585,1
4240,0.9949383068690911,1
4241,0.9908652604872398,1
4242,0.9994084998292069,1
4243,0.9992474547092032,1
4244,0.9994128421732472,1
4245,0.9939710148192669,1
4246,0.997900334149508,1
4247,0.9992093854898956,1
4248,0.999371818975554,1
4249,0.9941527880277171,1
4250,0.9996254165681954,1
4251,0.9785949569604298,1
4252,0.9995048833102417,1
4253,0.988163171051356,1
4254,0.998656880164187,1
4255,0.707332989885396,1
4256,0.9994782606094945,1
4257,0.9964298674962399,1
4258,0.9822210861254755,1
4259,0.9965969034820472,1
4260,0.00917242205549456,0
4261,0.9914332073369769,1
4262,0.9973702302256207,1
4263,0.9827083454581688,1
4264,0.9987690056696154,1
4265,0.9987111135021639,1
4266,0.9992902661789599,1
4267,0.9994188779020003,1
4268,0.9970682214308233,1
4269,0.9981106295427812,1
4270,0.9765484679134316,1
4271,0.997648973015325,1
4272,0.9998258788601766,1
4273,0.9998526940500223,1
4274,0.9790708512869117,1
4275,0.999575076755263,1
4276,0.984713108328279,1
4277,0.999798918534197,1
4278,0.9972122697570337,1
4279,0.9993482054962184,1
4280,0.9970802750672152,1
4281,0.9996520009619614,1
4282,0.9973742879283195,1
4283,0.9965570011521657,1
4284,0.9758441398174429,1
4285,0.975370358912655,1
4286,0.0002630052755646404,0
4287,0.05574676260358044,0
4288,0.009076740928805008,0
4289,0.010192363511171285,0
4290,0.003032634509289513,0
4291,0.002067470575378791,0
4292,0.00015833993532277915,0
4293,0.0002455770983718206,0
4294,0.8750486261022885,1
4295,0.0023763859626377034,0
4296,0.0001469663550977228,0
4297,0.0009859579086838317,0
4298,0.00013441261496346382,0
4299,0.011463202769116262,0
4300,0.012052689928982502,0
4301,0.0032819510909600346,0
4302,0.0020755643732737815,0
4303,0.00923869704327819,0
4304,0.000645231966645091,0
4305,0.00013510462217305452,0
4306,5.410018977500042e-05,0
4307,0.0013911010419993864,0
4308,0.007506281135692331,0
4309,0.00020573259791642953,0
4310,0.0005619778892391292,0
4311,0.0006410133395514555,0
4312,0.00017378769402140814,0
4313,0.018470345096106257,0
4314,0.048477928340582316,0
4315,0.0010326735295226076,0
4316,0.001403118907956482,0
4317,0.00019014935905232736,0
4318,0.00013560200839734515,0
4319,0.00027453826683886254,0
4320,0.010346567425686163,0
4321,0.018374863380149698,0
4322,0.03963124997608339,0
4323,0.0094725512643171,0
4324,0.002077216810376938,0
4325,0.01993342151542419,0
4326,0.022264812380634647,0
4327,0.9881726745877174,1
4328,0.9914098572262858,1
4329,0.9962368457500639,1
4330,0.9935167100874011,1
4331,0.9986185789684009,1
4332,0.9997235685763121,1
4333,0.9953783855336129,1
4334,0.9968839753993344,1
4335,0.9984482553361959,1
4336,0.9951666129587977,1
4337,0.9962133732398504,1
4338,0.9988702407268637,1
4339,0.9948275043714241,1
4340,0.9988015513030869,1
4341,0.9896284369753949,1
4342,0.994484519720195,1
4343,0.9963352735141846,1
4344,0.9996125772906013,1
4345,0.9998199139782961,1
4346,0.9999013204615701,1
4347,0.9983613925419257,1
4348,0.9864125777217532,1
4349,0.9851842743481352,1
4350,0.9886392962491771,1
4351,0.996003294109174,1
4352,0.9994868046717327,1
4353,0.9985654179313773,1
4354,0.9989712573393528,1
4355,0.9979124730332994,1
4356,0.9983010408122427,1
4357,0.9951888350701255,1
4358,0.9975876756495667,1
4359,0.9971184515998052,1
4360,0.9994776108380642,1
4361,0.9918509782204492,1
4362,0.9997362652956009,1
4363,0.9981993403520592,1
4364,0.9910220272700234,1
4365,0.9982482976847427,1
4366,0.9811134122878004,1
4367,0.9859319664648802,1
4368,0.9991770012004997,1
4369,0.9903016233183466,1
4370,0.9992508096546948,1
4371,0.9924077791969713,1
4372,0.9992229605761732,1
4373,0.9931096080375945,1
4374,0.9910599065619236,1
4375,0.00032941908672145024,0
4376,0.7703420329538404,1
4377,0.006152554428240482,0
4378,0.020910182972243705,0
4379,0.022680505890521376,0
4380,0.9977905823516076,1
4381,0.9838705931852691,1
4382,0.9787984109002079,1
4383,0.9731906050796011,1
4384,0.9965586994896928,1
4385,0.9977261282045958,1
4386,0.9999222097840988,1
4387,0.9770870409607137,1
4388,0.008701221917448952,0
4389,0.04063325892489373,0
4390,0.9346470464734769,1
4391,0.9870177632893379,1
4392,0.9838632197547698,1
4393,0.9854111951997766,1
4394,0.005350130469458005,0
4395,0.001371392542558753,0
4396,0.009921705273414027,0
4397,0.002794957816071834,0
4398,0.004315519818130737,0
4399,0.005759052882651225,0
4400,0.0038631660636945365,0
4401,0.04164974108125095,0
4402,0.9902060508023259,1
4403,0.9961317795358383,1
4404,0.02741196901525488,0
4405,0.03709398823236582,0
4406,0.031035143484421348,0
4407,0.06856411506591134,0
4408,0.04571589580541462,0
4409,0.9992022098770275,1
4410,0.995490210336082,1
4411,0.000439339352232418,0
4412,0.0007657288560017049,0
4413,0.001769942772325863,0
4414,0.0008071787224217678,0
4415,0.0003012574369801938,0
4416,0.0018091019214935035,0
4417,0.03337945072983396,0
4418,0.001319771896810901,0
4419,0.8630221951912648,1
4420,0.0008204107579705389,0
4421,0.004117507172612424,0
4422,0.0007489997048208878,0
4423,0.013145289942543645,0
4424,0.003666381051534641,0
4425,0.007781767559867063,0
4426,0.0008568075727027655,0
4427,0.011523880105803958,0
4428,0.9891216975775997,1
4429,0.02209518269820919,0
4430,0.020339107967650236,0
4431,0.009519216124193415,0
4432,0.0005409522130775217,0
4433,0.051825221778064555,0
4434,0.000936303191363197,0
4435,0.003761847378312245,0
4436,0.8898574104273923,1
4437,0.008780964905695451,0
4438,0.018664105529915386,0
4439,0.022051953121107123,0
4440,0.016849359173267898,0
4441,0.0005431034553219034,0
4442,0.010738291894457398,0
4443,0.0007274534939999595,0
4444,0.9855778661824982,1
4445,0.9857537739333312,1
4446,0.9978122252960672,1
4447,0.04138825117600197,0
4448,0.030418214699095326,0
4449,0.9948543879822088,1
4450,0.898850794501746,1
4451,0.9892503414578523,1
4452,0.9966226664826865,1
4453,0.9808483371112142,1
4454,0.9897830815873992,1
4455,0.9968294725090857,1
4456,0.9822198020167274,1
4457,0.9981213774203465,1
4458,0.9875521534578017,1
4459,0.029100957940886157,0
4460,0.056959799904950675,0
4461,0.02243171166210872,0
4462,0.08113722130821756,0
4463,0.9907179684691723,1
4464,0.9944469853993668,1
4465,0.9570227498009636,1
4466,0.9832316948363892,1
4467,0.9977037514701255,1
4468,0.997306148371063,1
4469,0.9406395613717594,1
4470,0.9991957004129786,1
4471,0.026889713999932813,0
4472,0.03588589914845293,0
4473,0.026474890321765886,0
4474,0.022562065785165484,0
4475,0.006269029229201821,0
4476,0.0013188630469781724,0
4477,0.9879445237995114,1
4478,0.01051890231410434,0
4479,0.9854963706219295,1
4480,0.9941828245441051,1
4481,0.8717638105611045,1
4482,0.8392256957959013,1
4483,0.9868425088196685,1
4484,0.9892442491282313,1
4485,0.9899054809783957,1
4486,0.991917660201029,1
4487,0.9941419557173002,1
4488,0.996071290438476,1
4489,0.9902198222912094,1
4490,0.9933423070555673,1
4491,0.9979963660667581,1
4492,0.9992670659042815,1
4493,0.9922529222825541,1
4494,0.9976144318767872,1
4495,0.9943867317425542,1
4496,0.9897310973396294,1
4497,0.996216289861248,1
4498,0.9941794258644623,1
4499,0.9969148694386373,1
4500,0.9989776671153148,1
4501,0.997694172143468,1
4502,0.9977507637499313,1
4503,0.9966136785062284,1
4504,0.9945997741326686,1
4505,0.9977575288724503,1
4506,0.999750201987616,1
4507,0.9988695427305915,1
4508,0.9972268511008617,1
4509,0.9987492375865462,1
4510,0.998841578981684,1
4511,0.9885746309397774,1
4512,0.9966893689070421,1
4513,0.9964685604479171,1
4514,0.9970779304544979,1
4515,0.9974803533463215,1
4516,0.9973333991901727,1
4517,0.9975387956893224,1
4518,0.49095709759722234,0
4519,0.9960027181228571,1
4520,0.9959272417406276,1
4521,0.9906072128710124,1
4522,0.9914567198256159,1
4523,0.9958586387850349,1
4524,0.9983541359339689,1
4525,0.9942591284277154,1
4526,0.856927416894328,1
4527,0.9937399292477898,1
4528,0.9993233937179862,1
4529,0.9988664887317261,1
4530,0.9990840149677308,1
4531,0.9960784892801494,1
4532,0.995646164597258,1
4533,0.9991475267350026,1
4534,0.9978866228414683,1
4535,0.9277264435265932,1
4536,0.9974898659654741,1
4537,0.9940763755272194,1
4538,0.998750297704131,1
4539,0.9994297978262047,1
4540,0.9971834347205637,1
4541,0.9996883274545482,1
4542,0.9996893441931389,1
4543,0.9974823109830762,1
4544,0.9989418689595326,1
4545,0.9955207302305624,1
4546,0.9990853465809127,1
4547,0.9989484854299101,1
4548,0.9993824429148596,1
4549,0.9986953581451299,1
4550,0.9928498826903194,1
4551,0.9965831444076656,1
4552,0.9920046343614437,1
4553,0.9992082768185024,1
4554,0.997077230061896,1
4555,0.9950718195778581,1
4556,0.9950682110754676,1
4557,0.9991361358761782,1
4558,0.9887789380574229,1
4559,0.9975216161538255,1
4560,0.9973938466937287,1
4561,0.3240352362620765,0
4562,0.9948124722931154,1
4563,0.9974676518819063,1
4564,0.9990590215061771,1
4565,0.9976991489756706,1
4566,0.9979780028860626,1
4567,0.9996220007673152,1
4568,0.998751985516536,1
4569,0.9904562674612424,1
4570,0.989044699528947,1
4571,0.9978826038738285,1
4572,0.9993722390971225,1
4573,0.9994614828718766,1
4574,0.9964824921472722,1
4575,0.987014087157387,1
4576,0.9992038427782214,1
4577,0.9983120015458016,1
4578,0.9996417285472121,1
4579,0.9893056259127667,1
4580,0.013987763616701406,0
4581,0.0007746367603162757,0
4582,0.0015230789061665992,0
4583,0.0003200262046845726,0
4584,0.00021019252429673807,0
4585,0.0005908338948052755,0
4586,0.00014155921242814634,0
4587,1.5930713585808656e-05,0
4588,0.00241603217230648,0
4589,0.002018761266650144,0
4590,1.441346836198873e-05,0
4591,5.660334462526963e-05,0
4592,3.579266017362341e-05,0
4593,4.6945414045930366e-05,0
4594,1.488419543519214e-05,0
4595,1.0353157621587446e-05,0
4596,4.3583074384723586e-05,0
4597,5.008661424184185e-05,0
4598,6.654691666127601e-05,0
4599,5.902755713589726e-05,0
4600,5.324744376917096e-05,0
4601,1.4436443832380592e-05,0
4602,3.711327108726983e-05,0
4603,3.0730195804002e-05,0
4604,2.4796673669748764e-05,0
4605,6.728851458193865e-05,0
4606,7.120338563621231e-05,0
4607,1.6621233927927087e-05,0
4608,5.559354707855123e-05,0
4609,1.4758490299913027e-05,0
4610,5.389340817926497e-05,0
4611,0.00016856852829821346,0
4612,0.00015184134670145267,0
4613,4.647405622628034e-05,0
4614,5.719691414053054e-05,0
4615,6.012051680511083e-05,0
4616,2.2093754994923595e-05,0
4617,9.241728705202528e-06,0
4618,2.529756075946051e-05,0
4619,1.5440339387478825e-05,0
4620,0.00425774691233416,0
4621,4.917862109175027e-05,0
4622,0.00042194427938828643,0
4623,3.563712420625998e-05,0
4624,0.0010052468738649327,0
4625,0.0014934394436019946,0
4626,0.0029565071281354486,0
4627,0.0002741695122466894,0
4628,0.005926797035773965,0
4629,0.2401116679464417,0
4630,0.00363292887622307,0
4631,0.001380413487257323,0
4632,0.005071367195755114,0
4633,0.006993501243643945,0
4634,0.021470283204798626,0
4635,0.007264086593158674,0
4636,0.003375154115710658,0
4637,0.0013417755926164257,0
4638,0.0059248968212977675,0
4639,0.011969742222169398,0
4640,0.004252681347262688,0
4641,0.0005261008336791289,0
4642,0.002108277141400747,0
4643,0.06717034792767938,0
4644,0.0015231013763435221,0
4645,0.003403000699771507,0
4646,0.005604806704483623,0
4647,0.012447976567092523,0
4648,0.22461041760126726,0
4649,0.0045544716332088665,0
4650,0.008293094219742,0
4651,0.005760477054512491,0
4652,0.0018548977464356092,0
4653,0.00025916950420214673,0
4654,0.0004073680100794992,0
4655,0.0008819719424887357,0
4656,0.000820710744433055,0
4657,0.000218065620162819,0
4658,0.006178068182162318,0
4659,0.0010505375983163958,0
4660,0.001693495338763502,0
4661,0.001841891617242387,0
4662,0.0003563207706474905,0
4663,0.0008421939713736122,0
4664,0.0002997357211763466,0
4665,0.002379594586951329,0
4666,0.0005252070638416368,0
4667,0.0009658265385776818,0
4668,0.0014512444604854646,0
4669,0.04669039559694948,0
4670,0.9700740947468648,1
4671,0.9985224327173522,1
4672,0.9929907312672221,1
4673,0.9873876367974367,1
4674,0.9983483453008082,1
4675,0.9971165281680764,1
4676,0.9992284936811121,1
4677,0.9959195741703899,1
4678,0.9970127144245923,1
4679,0.9940699058084289,1
4680,0.9976158559594678,1
4681,0.9882110767558775,1
4682,0.9987285196671084,1
4683,0.9997696617109784,1
4684,0.998555560681347,1
4685,0.9964096289554987,1
4686,0.9948564160735401,1
4687,0.9997244990816776,1
4688,0.8649118959184926,1
4689,0.9980449156307157,1
4690,0.9887792466197176,1
4691,0.9954485384262906,1
4692,0.9998031811106627,1
4693,0.9936279019517613,1
4694,0.9883761292637286,1
4695,0.9931629266308255,1
4696,0.9996400490739309,1
4697,0.8159145144473143,1
4698,0.9929632719957493,1
4699,0.999368042635886,1
4700,0.9818845368042611,1
4701,0.990325265847175,1
4702,0.9990791509014548,1
4703,0.998913496192232,1
4704,0.9977779935656392,1
4705,0.8677464353342457,1
4706,0.9989876928928229,1
4707,0.9998474875591974,1
4708,0.9991043026337213,1
4709,0.9939761888626264,1
4710,0.9959434552118028,1
4711,0.00452386092161685,0
4712,0.14386755397921155,0
4713,0.002305695233439371,0
4714,0.9885453701618797,1
4715,0.8862613038690834,1
4716,0.009815611451222098,0
4717,0.011693237523679331,0
4718,0.0014361509796984,0
4719,0.13308325763726456,0
4720,0.0032569583594932528,0
4721,0.00010859417788614983,0
4722,0.002713333861200775,0
4723,0.0002554427718242762,0
4724,6.977185661969208e-05,0
4725,1.1649612088456702e-05,0
4726,4.4311829801094845e-05,0
4727,0.0006864084228213822,0
4728,1.9241887090992606e-05,0
4729,8.279804115101374e-05,0
4730,3.0129819295723477e-05,0
4731,3.221770283462304e-05,0
4732,0.00010707843029147092,0
4733,0.0008236254113673728,0
4734,0.003534136015715689,0
4735,4.10044230677128e-05,0
4736,4.80096384603509e-05,0
4737,0.0033162703443866486,0
4738,0.0008696349007878155,0
4739,1.8877165878808677e-05,0
4740,0.000745537163144525,0
4741,0.0018494854728891201,0
4742,0.00041875834028988945,0
4743,0.0003005656804619634,0
4744,0.0001029479797776894,0
4745,0.0009570949658545141,0
4746,0.0001480369214349891,0
4747,0.00022432345789576301,0
4748,0.006585313288308293,0
4749,0.0004708767502583301,0
4750,0.00496636282539814,0
4751,0.0035899831091191943,0
4752,0.0003248496472770341,0
4753,0.002743102367426308,0
4754,0.020554930346807953,0
4755,0.2950531079026697,0
4756,0.02419896972760985,0
4757,0.9983226582813113,1
4758,0.026041193876330023,0
4759,0.035820111946099034,0
4760,0.9951104704239758,1
4761,0.9961347801554187,1
4762,0.9949319305343919,1
4763,0.998722805929047,1
4764,0.9995847412398563,1
4765,0.9997846732102266,1
4766,0.9982277001099051,1
4767,0.999176294864414,1
4768,0.9981095348902568,1
4769,0.9995516256991736,1
4770,0.9955137911085916,1
4771,0.999173337534781,1
4772,0.999289406411938,1
4773,0.03360563007118734,0
4774,0.9994898448290531,1
4775,0.9985032785601295,1
4776,0.9998098794142832,1
4777,0.997060683614522,1
4778,0.9936880993003934,1
4779,0.9998526124178228,1
4780,0.9999121698881568,1
4781,0.999889292088011,1
4782,0.9996735351026226,1
4783,0.9994263307029575,1
4784,0.9984074874581775,1
4785,0.9990251653595774,1
4786,0.9995409817461068,1
4787,0.9972399683506802,1
4788,0.999354570260723,1
4789,0.9999126782998399,1
4790,0.9975795300370938,1
4791,0.9997480035915276,1
4792,0.9999771369568551,1
4793,0.9995382233997047,1
4794,0.999811777725249,1
4795,0.9967702272447768,1
4796,0.9936040309038751,1
4797,0.9997937941116146,1
4798,0.9970722188499128,1
4799,0.9965598479724682,1
4800,0.9793709868033154,1
4801,0.9989846818142666,1
4802,0.999234661070872,1
4803,0.9961452575727779,1
4804,0.9996946552238561,1
4805,0.9984902319464942,1
4806,0.9995048216656806,1
4807,0.9969950338853869,1
4808,0.9993893787771252,1
4809,0.9988396951280163,1
4810,0.9993564339372406,1
4811,0.999205804965695,1
4812,0.9982288284009092,1
4813,0.9998865440677598,1
4814,0.9981139469580522,1
4815,0.9999440422537772,1
4816,0.9995613592711344,1
4817,0.999764564461026,1
4818,0.9998536721220096,1
4819,0.9916003397554407,1
4820,0.9951755029251909,1
4821,0.9998096113094516,1
4822,0.9981426401913147,1
4823,0.9996625710248757,1
4824,0.9999301771443728,1
4825,0.9983774972639761,1
4826,0.9996978470308702,1
4827,0.9974570844647284,1
4828,0.9984145745879581,1
4829,0.999890015836741,1
4830,0.9998130466407004,1
4831,0.9990491092892007,1
4832,0.9997289373133161,1
4833,0.9994881343403244,1
4834,0.9990494861143413,1
4835,0.9998631196430469,1
4836,0.9999579268264542,1
4837,0.9998673631457102,1
4838,0.9997883593263661,1
4839,0.9924399943644922,1
4840,0.9972221319500261,1
4841,0.9989645743166373,1
4842,0.9986171414529487,1
4843,0.999841338352855,1
4844,0.9934706710223125,1
4845,0.9993380127392175,1
4846,0.9999259566005071,1
4847,0.9865688068378066,1
4848,0.9985430052688663,1
4849,0.9871803490793782,1
4850,0.9958115743560405,1
4851,0.9997316272675125,1
4852,0.9997474117805472,1
4853,0.9999480046371113,1
4854,0.9999294758954513,1
4855,0.999004886274648,1
4856,0.9978219480276501,1
4857,0.998316668361817,1
4858,0.9980704554278432,1
4859,0.9961929592020897,1
4860,0.9988851302970531,1
4861,0.9968562661644371,1
4862,0.9976349586074659,1
4863,0.9994714269183343,1
4864,0.9998224989284551,1
4865,0.9932044079369617,1
4866,0.9997040315091179,1
4867,0.9997319640236204,1
4868,0.999823574838223,1
4869,0.9996763614630043,1
4870,0.9992168915163135,1
4871,0.9990203494031242,1
4872,0.9977445751347271,1
4873,0.9993490739213468,1
4874,0.9951897941779076,1
4875,0.9915131444792202,1
4876,0.9999273613765544,1
4877,0.9994661280608548,1
4878,0.999014455806994,1
4879,0.99888397322013,1
4880,0.9997736801923509,1
4881,0.9994128690121342,1
4882,0.9993262518860694,1
4883,0.9998564544140931,1
4884,0.9991259214075732,1
4885,0.9993753348253105,1
4886,0.9997847001061607,1
4887,0.9992844629206139,1
4888,0.999880611940484,1
4889,0.9917325227881763,1
4890,0.02062620761250046,0
4891,0.9915995182919495,1
4892,0.9938077106443113,1
4893,0.021061424173464797,0
4894,0.9969951948774598,1
4895,0.9904570470557388,1
4896,0.99722982643831,1
4897,0.9915201879587316,1
4898,0.5283108065929559,1
4899,0.9995895257440647,1
4900,0.9991398141829024,1
4901,0.9948088960968585,1
4902,0.008892482526515713,0
4903,0.003679058252493661,0
4904,0.9900272025650093,1
4905,0.9996595025552526,1
4906,0.09847340982977147,0
4907,0.9948259490836246,1
4908,0.9951002578858388,1
4909,0.9935157782010203,1
4910,0.9967593161722671,1
4911,0.9980212215928546,1
4912,0.9993277696963893,1
4913,0.9995568408542483,1
4914,0.9993389290169765,1
4915,0.9814983748688222,1
4916,0.9997563649737587,1
4917,0.9989980710483581,1
4918,0.9975737348168033,1
4919,0.689943085305907,1
4920,0.023955224728179653,0
4921,0.012436571746828029,0
4922,0.009384058951365798,0
4923,0.012566096661150642,0
4924,0.9248285932463047,1
4925,0.9943409153196396,1
4926,0.963018114851843,1
4927,0.9867504775235828,1
4928,0.0017240555506799857,0
4929,0.0010815675470677696,0
4930,0.001374617462007862,0
4931,0.002861998512232632,0
4932,0.007825781382180435,0
4933,0.0012702058465222424,0
4934,0.004275770369874964,0
4935,0.00882783460803943,0
4936,0.0008545739747037527,0
4937,0.00013615297776445098,0
4938,2.891691588676248e-05,0
4939,2.4458552694374685e-05,0
4940,1.903855474122176e-05,0
4941,3.920050293188447e-05,0
4942,0.00029993760679987273,0
4943,0.0002428554612207181,0
4944,0.0002195062486192922,0
4945,8.264298347965625e-05,0
4946,0.000638931074472419,0
4947,0.0003059846796860943,0
4948,0.00021357594956778053,0
4949,6.185779405561401e-05,0
4950,0.00014623500238050894,0
4951,0.0002852138984431021,0
4952,7.216939892340362e-05,0
4953,0.00021995225309977373,0
4954,3.5521450369961134e-05,0
4955,5.013914067489492e-05,0
4956,3.660918544344903e-05,0
4957,0.000159446434665182,0
4958,0.00036686448166509643,0
4959,0.00011701093784820787,0
4960,0.0001274206687432245,0
4961,4.458187483480878e-05,0
4962,0.0001391306173303889,0
4963,0.00019932464650742888,0
4964,0.0002550815195663312,0
4965,0.0005415724323267367,0
4966,0.003824035788249072,0
4967,0.0014456109672788691,0
4968,0.00023523828919193329,0
4969,0.0005151200787133097,0
4970,0.00023583021984506698,0
4971,0.00029196128380686324,0
4972,0.00029771549306691184,0
4973,0.00024857587301827807,0
4974,0.00016699021538556182,0
4975,0.00031121862590156743,0
4976,0.0011391371392847215,0
4977,0.004149114427858136,0
4978,0.00029055799239506894,0
4979,0.00035849225516750217,0
4980,0.0003401260024776982,0
4981,0.0002665597023062299,0
4982,0.00020799592139626808,0
4983,0.00014991187978953422,0
4984,0.00021304828509317438,0
4985,0.0005424891467581139,0
4986,0.0004608349943331953,0
4987,0.0003525672694416058,0
4988,0.00027221445170949696,0
4989,0.0006886080615628447,0
4990,0.000254285684816476,0
4991,0.0006388689514268846,0
4992,0.0003157080475277707,0
4993,0.00023499040992793431,0
4994,0.00014701876467766763,0
4995,0.000163584325575234,0
4996,0.0004795090690461482,0
4997,0.00014477115163181626,0
4998,0.00015516011350753735,0
4999,0.00027951844442053794,0
5000,0.0005655109244207335,0
5001,0.008117887495764121,0
5002,0.0002830738015707741,0
5003,0.0006963556617346891,0
5004,0.005048279562201426,0
5005,0.01219756172174081,0
5006,0.005687425404325671,0
5007,0.03291911421386243,0
5008,0.016729925169053934,0
5009,0.026154098574034897,0
5010,0.9945722003279409,1
5011,0.9837730988868799,1
5012,0.9940050766912264,1
5013,0.9842874408041192,1
5014,0.9742262739029222,1
5015,0.9905099119766815,1
5016,0.9978955770525575,1
5017,0.9807165089129657,1
5018,0.1625719980287809,0
5019,0.9864593072025803,1
5020,0.951769462274851,1
5021,0.9906051595911121,1
5022,0.9934629169798578,1
5023,0.9926974234117218,1
5024,0.9926384473642612,1
5025,0.9988541642625184,1
5026,0.9988741736588627,1
5027,0.997680854289958,1
5028,0.9991741858841947,1
5029,0.9994214416182092,1
5030,0.9923964714715414,1
5031,0.9990429800071364,1
5032,0.9916855384280286,1
5033,0.9995287972454497,1
5034,0.9754613414102806,1
5035,0.9809819161734508,1
5036,0.9985315487218114,1
5037,0.9978345659543992,1
5038,0.9888402503457643,1
5039,0.9832699766390942,1
5040,0.9918523981865291,1
5041,0.9994856534425477,1
5042,0.9978128947223427,1
5043,0.9996077339330199,1
5044,0.9992163160643586,1
5045,0.9995807105175613,1
5046,0.9993747982539911,1
5047,0.999732249068519,1
5048,0.9992809088213008,1
5049,0.9992818263784861,1
5050,0.9987410329515513,1
5051,0.9993914740343545,1
5052,0.9981618625545805,1
5053,0.9956698140687154,1
5054,0.9970304456906789,1
5055,0.9988310520261814,1
5056,0.9624413782016246,1
5057,0.9991206797915623,1
5058,0.9990143869347414,1
5059,0.9987896687062159,1
5060,0.9984776312535224,1
5061,0.9987957017035214,1
5062,0.9961916675130372,1
5063,0.9998058036138161,1
5064,0.9995568741274232,1
5065,0.9981852230914687,1
5066,0.9963856326998517,1
5067,0.9956618206511438,1
5068,0.9989220776129961,1
5069,0.9990990617889018,1
5070,0.9820577044995,1
5071,0.998220303071827,1
5072,0.9955731425033153,1
5073,0.9893603392232831,1
5074,0.9947473270280064,1
5075,0.9991135473008839,1
5076,0.9995931764601983,1
5077,0.9970998706609702,1
5078,0.9990439114162278,1
5079,0.9988773227478177,1
5080,0.9967824505568302,1
5081,0.9991755986721461,1
5082,0.9991840307630661,1
5083,0.9994324471136149,1
5084,0.9921089981201318,1
5085,0.9980010739506334,1
5086,0.994449081667225,1
5087,0.9984552218443545,1
5088,0.9986309797414149,1
5089,0.9957096698032236,1
5090,0.9995273720113141,1
5091,0.9735102175659043,1
5092,0.9977923232093593,1
5093,0.9779569261644572,1
5094,0.9867574007864626,1
5095,0.9977111785293207,1
5096,0.9994924543088097,1
5097,0.9988803348869947,1
5098,0.9938554312525818,1
5099,0.9990657771637154,1
5100,0.9815847287221555,1
5101,0.9994046339095407,1
5102,0.9987238952555196,1
5103,0.9975073080464816,1
5104,0.9979281595698422,1
5105,0.9994087583364845,1
5106,0.9983778503014976,1
5107,0.9987225512076754,1
5108,0.9985036183228949,1
5109,0.9938860056197336,1
5110,0.9345019602909089,1
5111,0.993623463360652,1
5112,0.7303353638457377,1
5113,0.9990479471898831,1
5114,0.9961822288915549,1
5115,0.9957372251568625,1
5116,0.9963982419604693,1
5117,0.9947927818100392,1
5118,0.9995754071681492,1
5119,0.9990609819689384,1
5120,0.9987615647699504,1
5121,0.998761772217027,1
5122,0.9989400646568052,1
5123,0.9950927453342289,1
5124,0.9864881463444883,1
5125,0.9889182690855821,1
5126,0.9873846615405656,1
5127,0.9945403510823998,1
5128,0.9877499823585497,1
5129,0.993656712207747,1
5130,0.9866513135612935,1
5131,0.9869337799511453,1
5132,0.9942545828755192,1
5133,0.9753350801303469,1
5134,0.9925941331508569,1
5135,0.966009479311944,1
5136,0.8849834146467589,1
5137,5.8409184585369365e-05,0
5138,7.471985446786609e-05,0
5139,0.0001637709485973972,0
5140,0.00015747289416588432,0
5141,0.0002131888464171032,0
5142,0.0002441308518481461,0
5143,0.0031112007823008163,0
5144,0.0005168635321670276,0
5145,0.0074199450811140415,0
5146,0.00023765052282535593,0
5147,5.463128622758031e-05,0
5148,0.00013285495285802551,0
5149,0.0002190889330086002,0
5150,0.0006385280659221265,0
5151,0.00031292008757865256,0
5152,0.0003040132713409494,0
5153,0.00022038364800123147,0
5154,0.0003532117010740673,0
5155,0.00017809159467771068,0
5156,0.00015360143686210425,0
5157,0.00016948116446987741,0
5158,0.00011832787930753406,0
5159,0.00014050533701818536,0
5160,0.00015204974397517226,0
5161,0.00010728769018960563,0
5162,0.0001742251293390287,0
5163,8.337928505468757e-05,0
5164,0.00012699876989077003,0
5165,0.0002127367103638243,0
5166,0.00015874566081052892,0
5167,0.00014129927895656353,0
5168,0.00018847628844517603,0
5169,0.0001203608088076927,0
5170,0.0001697949249632346,0
5171,0.00024891545010096344,0
5172,9.147990689805418e-05,0
5173,0.00012516353278195863,0
5174,6.539202745816416e-05,0
5175,0.0002612344688383521,0
5176,5.4474535277671214e-05,0
5177,0.00012369209487773418,0
5178,0.00029961663038631525,0
5179,0.00010845067615674456,0
5180,0.00018563696710848459,0
5181,0.00023587745081177764,0
5182,0.00036887776425657197,0
5183,0.00017027207968729584,0
5184,0.0001279027439973659,0
5185,0.0001549747481576614,0
5186,7.092656603669289e-05,0
5187,0.00010894282235616238,0
5188,0.00016738238729201244,0
5189,0.00020140196952898417,0
5190,0.00013479611549699103,0
5191,0.000253863837163186,0
5192,0.00031228352705097746,0
5193,0.00013412625265329538,0
5194,0.0002586456778855036,0
5195,0.00024230525666663568,0
5196,0.0001374872903489373,0
5197,0.0002323212112691987,0
5198,0.00013192967887054501,0
5199,0.011004360339024655,0
5200,0.9294586040208309,1
5201,0.020478982282994853,0
5202,0.8500581962112218,1
5203,0.025705582869557056,0
5204,0.04378415320559798,0
5205,0.9971648026319537,1
5206,0.9988839613090935,1
5207,0.9991940894736815,1
5208,0.9985178573501898,1
5209,0.9994835412924337,1
5210,0.9994662225827479,1
5211,0.996073521824134,1
5212,0.9972863760278158,1
5213,0.9985955978656618,1
5214,0.9991616197972544,1
5215,0.9987481424384265,1
5216,0.9979149422504767,1
5217,0.9985932749252278,1
5218,0.9995632434854309,1
5219,0.9991138665971767,1
5220,0.9994747142086428,1
5221,0.9990984066755358,1
5222,0.9984287392839901,1
5223,0.9853936978911904,1
5224,0.9940106392724609,1
5225,0.9855584977389231,1
5226,0.9481261591656689,1
5227,0.00373711160933186,0
5228,0.010460558029386134,0
5229,0.000597559686927114,0
5230,8.834937454309621e-05,0
5231,5.5117932550614476e-05,0
5232,4.4294245911920675e-05,0
5233,0.00039373719878734424,0
5234,1.1966811945309725e-05,0
5235,0.00012032809786961931,0
5236,4.015728210116022e-05,0
5237,2.9240018074821162e-05,0
5238,0.03391123603871258,0
5239,2.2427213219252554e-05,0
5240,2.6233573631577336e-05,0
5241,3.124855514127387e-05,0
5242,0.00041415199201441004,0
5243,4.4710151435280694e-05,0
5244,3.1022495730188794e-05,0
5245,0.0007933086423130828,0
5246,0.00040076419740283725,0
5247,0.00014629518886825595,0
5248,9.795104512827531e-05,0
5249,0.0001547430324800398,0
5250,0.00012372321375793614,0
5251,0.00013765116438391612,0
5252,0.0024574780043002445,0
5253,0.00016650146123709612,0
5254,0.00019574709322760713,0
5255,0.00015685896439558467,0
5256,0.0006596072303576428,0
5257,5.620504708881431e-05,0
5258,0.001073748478220976,0
5259,0.00047050735094859023,0
5260,0.0005932725825421273,0
5261,0.0013342407973113537,0
5262,0.0006300373974929038,0
5263,0.024222181669435933,0
5264,0.008886773703970669,0
5265,0.013622008417533409,0
5266,0.012883538928950495,0
5267,0.0009595135247381347,0
5268,0.004807334015023247,0
5269,0.003564360051891384,0
5270,0.0006944015603922669,0
5271,0.001316762478377717,0
5272,0.00926177133595481,0
5273,0.0005553633834498172,0
5274,0.000994071488236082,0
5275,0.005260037712035098,0
5276,0.0008924555810290625,0
5277,0.0012505496752266835,0
5278,0.0010849777675975179,0
5279,0.004146370824032377,0
5280,0.003396544798840652,0
5281,0.001966658977162968,0
5282,0.0046348823155680135,0
5283,0.00527239365036364,0
5284,0.0008065779742745282,0
5285,0.0016427393219867344,0
5286,0.007839722634185604,0
5287,0.00893792280344857,0
5288,0.0032684797749690823,0
5289,0.0005850102567025637,0
5290,0.001727867120853383,0
5291,0.00039568851445822596,0
5292,0.0004438617814602688,0
5293,0.0011148738717763737,0
5294,0.0006398444655926989,0
5295,0.0001552596229945732,0
5296,0.00029601435571957575,0
5297,0.00013808999252612646,0
5298,0.0003731824784842353,0
5299,3.7961698630414456e-05,0
5300,5.9674507122545134e-05,0
5301,0.00020252172440042546,0
5302,0.000569113436714692,0
5303,0.00013258717214266838,0
5304,0.00015190291215800612,0
5305,0.0009133585371450539,0
5306,0.000786641123512544,0
5307,0.0006237326731099726,0
5308,0.001257653151490239,0
5309,0.00017363312060006037,0
5310,0.00022069413397137274,0
5311,9.90586102124425e-05,0
5312,0.00017929763123261447,0
5313,0.00021098143466611222,0
5314,0.00043941335168247713,0
5315,0.003618345866581712,0
5316,0.001072950371707258,0
5317,0.0025371505113071474,0
5318,0.0016256494145042019,0
5319,0.00016711077047386333,0
5320,0.0001382796168606658,0
5321,0.00014354313215348704,0
5322,0.0006223385258458997,0
5323,0.00045724606664775797,0
5324,0.0015972124179971367,0
5325,0.0011412398410779756,0
5326,0.0010342939758104363,0
5327,0.0006844148692801179,0
5328,0.000693310245946914,0
5329,0.0008918769478392249,0
5330,0.004885129800404325,0
5331,0.02339424547030434,0
5332,0.015959351758207528,0
5333,0.009783807047932577,0
5334,0.020154024383169666,0
5335,0.9915811515989837,1
5336,0.9842284116678318,1
5337,0.02729639547369593,0
5338,0.006141895476975416,0
5339,0.12555031366916902,0
5340,0.0007416028382998375,0
5341,0.00034352903124039495,0
5342,0.0012018038457185282,0
5343,0.0004873859154689757,0
5344,0.0014858918966675994,0
5345,0.0008227186545845132,0
5346,0.0052869081891889465,0
5347,0.0003751459421888929,0
5348,0.00016753727507660997,0
5349,0.0031762909131148845,0
5350,0.0003086048635964241,0
5351,0.06393296544701527,0
5352,0.010953350034660086,0
5353,0.010916576052350533,0
5354,0.022913124009095516,0
5355,0.0809864677235359,0
5356,0.24091062637626479,0
5357,0.3737598413023506,0
5358,0.18649618983005442,0
5359,0.016991740353855703,0
5360,0.9943363641936028,1
5361,0.9988914753261647,1
5362,0.9982610675794639,1
5363,0.9971773915374448,1
5364,0.9991170988124227,1
5365,0.9988021666896053,1
5366,0.9974020335917234,1
5367,0.9995613733235788,1
5368,0.9992153303975935,1
5369,0.9995038766582859,1
5370,0.9990562231505428,1
5371,0.9988098715815268,1
5372,0.9976988652092641,1
5373,0.9915437868924949,1
5374,0.9993986223339526,1
5375,0.9984718339309553,1
5376,0.9970340116636002,1
5377,0.9964409930436178,1
5378,0.5700125444711017,1
5379,0.9971893254962116,1
5380,0.9981485227806896,1
5381,0.006725560183168169,0
5382,0.0034721787767170204,0
5383,0.8800282317791531,1
5384,0.9771104057131023,1
5385,0.016260363981291298,0
5386,0.006390769751596666,0
5387,0.005641515142158225,0
5388,0.0021878387664836783,0
5389,0.3800014334459731,0
5390,0.20497274869450763,0
5391,0.006854990017835887,0
5392,0.3381329572679372,0
5393,0.01555094568129475,0
5394,0.031958804667586674,0
5395,0.028299991465486243,0
5396,0.0021448466267677876,0
5397,0.0002655564667377069,0
5398,0.0004331403945097335,0
5399,0.004771554624877605,0
5400,0.005209369669652701,0
5401,8.037086439560395e-06,0
5402,0.0010487044290004384,0
5403,0.013571703578870426,0
5404,0.002572781025220404,0
5405,0.012129189100246723,0
5406,0.014902684068429598,0
5407,0.043696263654131734,0
5408,0.0031385973566788942,0
5409,0.0013588115230871076,0
5410,0.0003367315927806801,0
5411,0.6273277184722398,1
5412,0.03516031557692335,0
5413,0.07426865032724056,0
5414,0.0001239027711913191,0
5415,0.005187825804026888,0
5416,0.00668470627047879,0
5417,0.0066463665322615125,0
5418,0.00046703458275111555,0
5419,0.012837592725426337,0
5420,0.0028492877063671933,0
5421,0.0006517782787236449,0
5422,0.007383687704479367,0
5423,0.005802867253151598,0
5424,0.08477437073934775,0
5425,0.009106681184574906,0
5426,0.00036504050331346704,0
5427,0.6318657208831178,1
5428,0.8086338839171426,1
5429,0.036690255270843956,0
5430,0.010591012367533207,0
5431,0.9769250029809294,1
5432,0.008284623343027531,0
5433,0.012292439612114552,0
5434,0.007619972453925313,0
5435,9.887739864562746e-05,0
5436,9.539289523459376e-05,0
5437,9.539289523459376e-05,0
5438,9.539289523459376e-05,0
5439,0.0003098093527118719,0
5440,0.0014454245697975135,0
5441,5.2704509600282954e-05,0
5442,5.2704509600282954e-05,0
5443,5.2704509600282954e-05,0
5444,0.00020645786973110311,0
5445,0.0002517493316608253,0
5446,0.01977392217649905,0
5447,0.004076919438158828,0
5448,0.002568604614235096,0
5449,0.016380510175740125,0
5450,0.003252121631507018,0
5451,0.005493010743337754,0
5452,0.010182016131610702,0
5453,0.0031620702312043095,0
5454,0.002367951778309065,0
5455,0.005840948614883574,0
5456,0.001359176954642809,0
5457,9.657056981892216e-05,0
5458,2.0400800476407287e-05,0
5459,0.00011690416939024278,0
5460,0.0015414738192120118,0
5461,0.0017640053879606438,0
5462,0.0025481934394788685,0
5463,0.013568218195023636,0
5464,0.014958783689309222,0
5465,0.00011597274043222051,0
5466,0.00018280031510206675,0
5467,0.00088150504573717,0
5468,0.0002104270873915012,0
5469,0.00019821496792829735,0
5470,0.000965997905695857,0
5471,0.00018903995664750734,0
5472,0.00021465257302414657,0
5473,0.0014775419003951406,0
5474,0.0008964435813890641,0
5475,0.0004624423367249216,0
5476,0.0003713787526775496,0
5477,0.00012936349923167826,0
5478,4.9627803538596214e-05,0
5479,0.0001646763291146205,0
5480,0.00014297746388836977,0
5481,0.001195308768836992,0
5482,9.67660104182775e-05,0
5483,8.161755891239514e-05,0
5484,0.0002488196817115301,0
5485,0.00011498478435625574,0
5486,4.996400664162918e-05,0
5487,4.178478037164697e-05,0
5488,0.0001546595192705561,0
5489,0.0007260972382511836,0
5490,0.00015127474269038878,0
5491,0.0001493212244369154,0
5492,0.00029349178339208146,0
5493,0.0003516981901111941,0
5494,0.00016648843892028733,0
5495,0.0006355425800297685,0
5496,0.0002629198675434314,0
5497,6.0443675784107077e-05,0
5498,0.0002450719722663591,0
5499,0.0006089516749481797,0
5500,6.784109783739804e-05,0
5501,0.000770034940350624,0
5502,0.00043302652134570325,0
5503,0.0002651501308292246,0
5504,5.61518830281168e-05,0
5505,0.00022415714931611354,0
5506,0.00010617115713194433,0
5507,0.00010597739041672304,0
5508,0.00011145188920418044,0
5509,0.00011633796444607405,0
5510,0.0026597319287350206,0
5511,2.6033063773552306e-05,0
5512,5.219262525424363e-05,0
5513,4.1359031796398585e-05,0
5514,3.80806111552676e-05,0
5515,6.394632792023475e-05,0
5516,9.748302725299098e-06,0
5517,8.496870487279964e-05,0
5518,6.400841818874862e-05,0
5519,1.459150010230093e-05,0
5520,6.164355719926988e-05,0
5521,7.827745183376251e-05,0
5522,5.761367677438666e-05,0
5523,5.0372445903881884e-05,0
5524,5.4393350225666955e-05,0
5525,2.84940498660929e-05,0
5526,2.365671023402162e-05,0
5527,6.491051838548643e-05,0
5528,2.8381119508809202e-05,0
5529,2.2226120151436686e-05,0
5530,2.2461943270941215e-05,0
5531,0.00012022040228805757,0
5532,3.402005583877278e-05,0
5533,3.0111281799902803e-05,0
5534,5.327106972308446e-05,0
5535,3.8222355653057786e-05,0
5536,5.434735151466241e-05,0
5537,4.977047287315802e-05,0
5538,1.9824397598167943e-05,0
5539,1.879832762576762e-05,0
5540,3.1477717741138764e-05,0
5541,5.114209731409113e-05,0
5542,5.256985563770631e-05,0
5543,0.00012183427475065345,0
5544,0.00013056891930284293,0
5545,0.000144117906755722,0
5546,6.14372050830277e-05,0
5547,3.917893208740792e-05,0
5548,0.0002977435711454032,0
5549,8.136942627764e-05,0
5550,0.00018620439598116253,0
5551,4.9395200731621263e-05,0
5552,7.082222848385271e-06,0
5553,3.4558563342856925e-05,0
5554,0.0017962384522526458,0
5555,6.500598397143046e-05,0
5556,1.7755423057256814e-05,0
5557,1.2535590757022297e-05,0
5558,7.256840594902321e-06,0
5559,0.0004042850398219339,0
5560,0.0021552601702152173,0
5561,0.00013719863268043072,0
5562,0.0004674308638512837,0
5563,0.0005564547611916766,0
5564,9.312346689528099e-05,0
5565,3.46783675439471e-05,0
5566,0.00020532399842095,0
5567,0.00011108282722284676,0
5568,1.5970637138058537e-05,0
5569,7.848672371722956e-05,0
5570,0.00012968011655465053,0
5571,1.4535120852976171e-05,0
5572,3.706916094930672e-05,0
5573,4.125905259792161e-05,0
5574,6.467564149466606e-05,0
5575,7.346626298225948e-05,0
5576,0.0003390758974933598,0
5577,6.223090914863972e-05,0
5578,0.0004957330384135501,0
5579,0.00016172737729004555,0
5580,3.97453098756795e-05,0
5581,5.522335354290216e-05,0
5582,4.206583520887331e-05,0
5583,7.877888567393435e-05,0
5584,1.4598388236148325e-05,0
5585,1.1139684980429121e-05,0
5586,2.900927231396166e-05,0
5587,1.3580887564491613e-05,0
5588,2.172565640675409e-05,0
5589,1.0944568878679266e-05,0
5590,2.8870518464614943e-06,0
5591,1.1219997377799181e-05,0
5592,1.0959353771450471e-05,0
5593,2.3682451788718413e-05,0
5594,5.2279610735859565e-06,0
5595,6.858922636219001e-06,0
5596,2.9038521254833505e-05,0
5597,0.00013360069307741937,0
5598,1.189795974138368e-05,0
5599,5.6757402064978e-06,0
5600,3.8182174134094623e-05,0
5601,5.4895559992902786e-05,0
5602,7.939307102823745e-06,0
5603,3.2018310538142656e-05,0
5604,1.7782094756322163e-05,0
5605,1.826463333755979e-05,0
5606,4.957876535885102e-06,0
5607,2.1011416137037517e-05,0
5608,1.171935424527751e-05,0
5609,2.4715828320611825e-05,0
5610,2.6185739200020894e-05,0
5611,1.2860426022175862e-05,0
5612,1.0122370317260918e-05,0
5613,0.00015396844661008636,0
5614,2.9488562032043094e-05,0
5615,5.522732037690938e-06,0
5616,6.890486870085312e-06,0
5617,7.79931448457463e-06,0
5618,8.135607307612466e-06,0
5619,3.908696656668084e-06,0
5620,4.176597522435936e-06,0
5621,4.845132668943508e-06,0
5622,6.88763309852014e-06,0
5623,5.24812864667353e-06,0
5624,7.212510061479833e-05,0
5625,3.3360985905999906e-06,0
5626,1.726751683926811e-05,0
5627,1.2522931057342424e-05,0
5628,9.31729034450766e-06,0
5629,9.681959686806968e-06,0
5630,9.055670690409847e-06,0
5631,1.977821501241096e-05,0
5632,2.8957573552347645e-05,0
5633,5.40514669252136e-06,0
5634,3.6814067384033985e-05,0
5635,2.6772797917425543e-05,0
5636,3.446371154271378e-05,0
5637,4.745982935846532e-06,0
5638,3.341071857038812e-05,0
5639,6.582259521767503e-05,0
5640,9.633764214528789e-06,0
5641,5.1940192501551865e-06,0
5642,6.254772613988427e-06,0
5643,9.403242377320936e-05,0
5644,0.03929976518155331,0
5645,0.00018084290615747315,0
5646,2.4954465345217304e-05,0
5647,3.86205188507469e-05,0
5648,8.815898200281757e-05,0
5649,3.19551816967292e-05,0
5650,0.00035234558009042757,0
5651,0.0001032502340855939,0
5652,0.00022681726857759143,0
5653,0.0005729399415590163,0
5654,2.72519656965408e-05,0
5655,0.0001899430907933866,0
5656,2.490395658187047e-05,0
5657,8.439124272593946e-05,0
5658,4.928693144773126e-05,0
5659,2.475607830674584e-05,0
5660,5.4635908287362e-05,0
5661,0.0002719743104444373,0
5662,4.1937192616032284e-05,0
5663,9.735947931067458e-05,0
5664,4.072557237764777e-05,0
5665,1.980722082800064e-05,0
5666,2.749909010498613e-05,0
5667,0.00011777981011683456,0
5668,5.096336875434373e-06,0
5669,5.919052288224784e-05,0
5670,2.4597494871525213e-05,0
5671,4.799470575482048e-05,0
5672,1.227532969879756e-05,0
5673,1.8236018931649972e-05,0
5674,1.5755562562965373e-05,0
5675,6.063318514730629e-06,0
5676,4.923696226193205e-06,0
5677,3.250226701718805e-05,0
5678,9.263973206499366e-06,0
5679,4.595249156390754e-05,0
5680,3.066559640331126e-05,0
5681,1.3307749270677592e-05,0
5682,2.1148542559466987e-06,0
5683,2.2167954725017454e-05,0
5684,2.1711380089007136e-05,0
5685,9.804505733406988e-05,0
5686,1.3217793943380131e-05,0
5687,8.807280525117303e-06,0
5688,4.804922196802566e-06,0
5689,4.5132050524428665e-06,0
5690,1.5149612070216992e-06,0
5691,1.2660152055674551e-06,0
5692,1.7002742947644243e-06,0
5693,1.5433639212630787e-05,0
5694,5.367574183671716e-06,0
5695,4.320258989083938e-05,0
5696,2.017966450316713e-06,0
5697,2.942605309104747e-06,0
5698,6.947211706540314e-05,0
5699,2.447172404402235e-06,0
5700,7.015355216731219e-06,0
5701,3.5127955900182353e-06,0
5702,3.4619138173710143e-06,0
5703,8.498566483704625e-06,0
5704,1.4888402918455014e-05,0
5705,1.1544174263825367e-05,0
5706,5.678487936741882e-06,0
5707,2.5466066861124784e-05,0
5708,0.000142513658007469,0
5709,9.404310201285013e-06,0
5710,8.290921950641424e-06,0
5711,9.097021528582996e-06,0
5712,1.582096929018839e-05,0
5713,3.8868892553049835e-05,0
5714,6.998835091807987e-05,0
5715,3.815642153052696e-05,0
5716,9.134781553501348e-05,0
5717,3.393085278994148e-05,0
5718,3.7304858612055594e-05,0
5719,7.264503229972478e-05,0
5720,1.4544334677750587e-05,0
5721,9.079236927765703e-06,0
5722,7.203711200446093e-06,0
5723,4.795263970819501e-06,0
5724,7.70106095374587e-06,0
5725,9.638847673913467e-06,0
5726,9.154200135602177e-06,0
5727,8.62623357883377e-06,0
5728,8.3412641459684e-06,0
5729,6.190309746295787e-06,0
5730,7.7763649832513e-06,0
5731,1.3462848341921736e-05,0
5732,1.0873886196389316e-05,0
5733,5.930267449830969e-06,0
5734,1.9813808446307147e-05,0
5735,8.77626531003462e-06,0
5736,8.980981946926378e-06,0
5737,6.461082831697059e-06,0
5738,1.1592381073473287e-05,0
5739,4.909274157920995e-06,0
5740,1.3375306951595604e-05,0
5741,6.038573214858114e-06,0
5742,2.085730971227412e-05,0
5743,2.3334601067300167e-05,0
5744,8.328751045080534e-05,0
5745,0.0001591047982131362,0
5746,6.10102329361574e-06,0
5747,1.3339274057943954e-05,0
5748,4.0704499495996467e-05,0
5749,0.00010672768630148172,0
5750,8.942751611787362e-06,0
5751,4.331462251619069e-06,0
5752,8.386414182152744e-06,0
5753,1.459679801016133e-05,0
5754,4.733529231235868e-06,0
5755,5.602542344569273e-06,0
5756,4.555605979691706e-06,0
5757,0.0008726143126267884,0
5758,0.0003536989503020892,0
5759,1.5541134475258737e-05,0
5760,4.544166405934436e-06,0
5761,4.4413696697542874e-06,0
5762,2.6469226505912076e-05,0
5763,3.676867308206039e-06,0
5764,1.4674890400055975e-05,0
5765,6.367203410797201e-06,0
5766,8.750919812736348e-06,0
5767,3.240690478632388e-06,0
5768,8.905825760427649e-06,0
5769,9.171937394270753e-06,0
5770,4.2133182673903884e-06,0
5771,2.596504362838269e-05,0
5772,0.0002774090554073212,0
5773,1.0957372283236475e-05,0
5774,4.520824182217307e-06,0
5775,4.521811811672839e-06,0
5776,6.965593902613576e-06,0
5777,7.034178970837313e-06,0
5778,7.496285371306286e-06,0
5779,6.433266018126464e-06,0
5780,3.17997860475015e-05,0
5781,1.268171665750139e-05,0
5782,3.5478547984210708e-06,0
5783,5.3725715975574165e-06,0
5784,8.017023750967448e-06,0
5785,4.070981780169237e-06,0
5786,8.759484771111556e-06,0
5787,5.613053984706157e-06,0
5788,3.5543010952943146e-06,0
5789,6.546478642697176e-06,0
5790,5.333609323807732e-06,0
5791,4.867694565171361e-06,0
5792,5.404819281191972e-06,0
5793,4.990707739532085e-06,0
5794,6.77155223862543e-06,0
5795,6.17177694026013e-06,0
5796,3.112531021274439e-06,0
5797,4.5123398607693356e-05,0
5798,1.450009729369646e-05,0
5799,2.531804037131447e-06,0
5800,8.699138315526176e-06,0
5801,3.3047157822352216e-06,0
5802,9.972129731386355e-06,0
5803,1.8770068811233155e-05,0
5804,3.805400986590101e-06,0
5805,2.9891204041198325e-06,0
5806,9.398312101707866e-06,0
5807,5.145159859419987e-06,0
5808,4.236674273576464e-06,0
5809,1.1035633357150155e-05,0
5810,6.7367301064153155e-06,0
5811,4.6458779481810574e-06,0
5812,4.676102675477731e-06,0
5813,7.236879599012363e-06,0
5814,4.377526482889607e-06,0
5815,4.455593321348353e-06,0
5816,5.6490832030431606e-06,0
5817,3.732297995037265e-05,0
5818,4.307802165356597e-06,0
5819,5.045611844387891e-05,0
5820,7.914333241342388e-05,0
5821,7.451756794581377e-06,0
5822,7.620351871447646e-06,0
5823,6.0633205531654945e-06,0
5824,4.144834484758283e-06,0
5825,7.528932944885072e-06,0
5826,5.8792945841508985e-06,0
5827,4.7623862122261175e-05,0
5828,6.578613528514186e-05,0
5829,5.369334433858504e-05,0
5830,0.00028423564786208915,0
5831,7.13204589257827e-05,0
5832,4.3795696893906186e-05,0
5833,3.794348355882487e-06,0
5834,1.86267644409191e-05,0
5835,9.696706523897721e-06,0
5836,0.00123287623325439,0
5837,3.50835263661379e-05,0
5838,3.751883749922903e-05,0
5839,0.00011309670092806715,0
5840,6.8474422524071e-05,0
5841,8.502405577655833e-06,0
5842,1.3326402163162861e-05,0
5843,1.3884521422274676e-05,0
5844,1.2538623801550383e-05,0
5845,1.3456395373449002e-05,0
5846,9.216583528746425e-05,0
5847,2.5181366754537708e-05,0
5848,9.334772709009024e-06,0
5849,8.072080722168806e-06,0
5850,2.4407277614491554e-05,0
5851,1.6468053834263536e-05,0
5852,9.08032464524167e-06,0
5853,8.975147600469117e-06,0
5854,2.767742626114167e-05,0
5855,1.2264412213057889e-05,0
5856,7.532435367618423e-05,0
5857,9.353110131607162e-06,0
5858,1.439147039586059e-05,0
5859,1.0617909202956038e-05,0
5860,3.34162037945414e-05,0
5861,6.31388058825554e-06,0
5862,7.65600105883846e-06,0
5863,6.074653944197733e-06,0
5864,8.518189247293784e-06,0
5865,7.99000305660583e-06,0
5866,5.888248642012387e-06,0
5867,2.7198238879072572e-05,0
5868,0.00012978405750289077,0
5869,8.510503011790887e-06,0
5870,9.55678981395652e-06,0
5871,9.401472991190978e-06,0
5872,1.3020700980288827e-05,0
5873,9.598238797294822e-05,0
5874,3.356937482971952e-05,0
5875,1.8126379358524424e-05,0
5876,2.493953992738973e-05,0
5877,1.6026050491054827e-05,0
5878,3.0863236306508804e-05,0
5879,3.2460200568143004e-05,0
5880,3.0228871660804238e-05,0
5881,9.125067471843674e-06,0
5882,1.4950491876766205e-05,0
5883,3.072725291945293e-06,0
5884,8.305343981190455e-06,0
5885,2.28765759769064e-06,0
5886,3.4543448730214043e-06,0
5887,6.382705386577202e-06,0
5888,4.964598406696679e-06,0
5889,1.6860149786918882e-05,0
5890,4.250807431512375e-06,0
5891,4.653838030954335e-06,0
5892,4.869588373694263e-06,0
5893,4.760286573590514e-06,0
5894,3.259314549538022e-06,0
5895,2.83664460456515e-06,0
5896,5.451831748145589e-06,0
5897,2.396879879920628e-05,0
5898,1.1543386553617082e-05,0
5899,0.00010161137762997208,0
5900,3.186516577934184e-05,0
5901,7.59132660828479e-05,0
5902,7.297454479003644e-06,0
5903,8.516889027547258e-06,0
5904,4.135926097018597e-06,0
5905,3.719044680938014e-06,0
5906,3.056632520063011e-06,0
5907,0.00018175278023373635,0
5908,8.247284240933685e-06,0
5909,1.0537852762551697e-05,0
5910,2.6737804694149783e-05,0
5911,4.384628240214901e-06,0
5912,7.02463263229812e-06,0
5913,0.048160052237417886,0
5914,0.0405154678532836,0
5915,0.001934794259521926,0
5916,0.0001490938289938133,0
5917,9.539289523459376e-05,0
5918,0.00014814406566133413,0
5919,5.2704509600282954e-05,0
5920,3.665917945475148e-05,0
5921,3.408456405065667e-05,0
5922,5.2704509600282954e-05,0
5923,0.00027530502566207326,0
5924,0.00014321010296092603,0
5925,0.00031728232456709467,0
5926,0.0002962084106310171,0
5927,0.00010224603988677368,0
5928,0.0002962084106310171,0
5929,0.0002962084106310171,0
5930,0.00031728232456709467,0
5931,0.04754151696619234,0
5932,0.003031557634256187,0
5933,0.0008788621581886198,0
5934,0.07960166584544573,0
5935,0.0028384698597489154,0
5936,0.004324489887328016,0
5937,0.0025622456981092634,0
5938,0.008766091026291051,0
5939,0.0023277589901254023,0
5940,0.2943692297051606,0
5941,0.07889073131406513,0
5942,0.005421062887541258,0
5943,0.013981488315677531,0
5944,3.081097384328576e-05,0
5945,2.2146960745599048e-05,0
5946,2.4531499902509314e-05,0
5947,0.0007711236710806602,0
5948,0.18792132185006466,0
5949,0.010232350929188627,0
5950,0.004765625891882417,0
5951,2.463619153368571e-05,0
5952,0.0017554812631655977,0
5953,4.180643987592602e-05,0
5954,0.005149219957143429,0
5955,0.02923123571839215,0
5956,0.01609306117964547,0
5957,0.0003983609330366556,0
5958,0.00020898528765464096,0
5959,0.00014660638941716166,0
5960,0.01389346278197183,0
5961,0.9060178249287449,1
5962,0.0008108827043724002,0
5963,0.00012141065138002295,0
5964,4.055033435229879e-05,0
5965,0.000312034303994157,0
5966,0.0006914993814099668,0
5967,0.0004686352285587081,0
5968,1.7914034065338137e-05,0
5969,2.987370244536126e-05,0
5970,0.00012218430422177907,0
5971,4.084075058915885e-05,0
5972,3.587031174291093e-05,0
5973,0.022592897220267017,0
5974,8.263154992419056e-06,0
5975,0.0017249277464571528,0
5976,1.2268132932550716e-05,0
5977,0.008798968517037594,0
5978,0.00030190859151322396,0
5979,0.006654474441114066,0
5980,9.566258574745986e-05,0
5981,4.213443925529491e-05,0
5982,4.861807715973247e-05,0
5983,0.006543040389187798,0
5984,0.0015482523362642185,0
5985,0.00027368386528982947,0
5986,4.272795010054052e-05,0
5987,0.00016258733364027194,0
5988,2.0536264803620103e-05,0
5989,6.37812176180346e-05,0
5990,3.1830756290672996e-05,0
5991,0.0197171179126194,0
5992,0.0025517915546124964,0
5993,0.0001470227496477516,0
5994,0.0008384529199927108,0
5995,9.789253026840635e-06,0
5996,0.008459893356304139,0
5997,1.7836131554587255e-05,0
5998,2.330783419509107e-05,0
5999,4.824338470145101e-05,0
6000,0.0012562595130337657,0
6001,0.0001646923203758348,0
6002,3.18081943565562e-05,0
6003,6.067938125063897e-06,0
6004,6.859246271222311e-06,0
6005,1.4679321311845094e-05,0
6006,2.4007553951670273e-05,0
6007,0.0017982371343782768,0
6008,8.106452448286515e-05,0
6009,9.47567360636815e-05,0
6010,7.83163248315323e-06,0
6011,1.2930188067883845e-05,0
6012,1.8193909858699935e-05,0
6013,7.399529048940744e-05,0
6014,0.9840431044934187,1
6015,0.002352864427088059,0
6016,0.0010746114008937237,0
6017,0.00013458402707397643,0
6018,0.0009597969808897689,0
6019,0.00400041134140692,0
6020,0.0006395304918471784,0
6021,5.470930818335792e-05,0
6022,0.002051241209907895,0
6023,3.151786875796042e-05,0
6024,4.2260167766146094e-05,0
6025,3.902730126953009e-05,0
6026,4.297149739592134e-05,0
6027,1.0186360212467834e-05,0
6028,1.4898241753898288e-05,0
6029,4.8359776918589205e-05,0
6030,0.0019192616641472797,0
6031,0.04214758592613648,0
6032,0.7106745652585656,1
6033,0.0011080724895125515,0
6034,0.004968240455626376,0
6035,0.0052289257565476125,0
6036,0.050692985698521986,0
6037,0.004474385293216965,0
6038,0.5319836663357059,1
6039,0.0027139290261704386,0
6040,4.202629276960647e-05,0
6041,0.0022855681622323144,0
6042,0.0002695633100808204,0
6043,6.601781670297728e-05,0
6044,2.882497022249732e-05,0
6045,6.5291238320424e-05,0
6046,4.308503635816032e-05,0
6047,4.8304576331087465e-05,0
6048,3.561360088054459e-05,0
6049,0.00011300116389821566,0
6050,7.667105717002524e-05,0
6051,8.395051290457349e-05,0
6052,4.4839651518290315e-05,0
6053,5.788012622120902e-05,0
6054,0.0005991125813182126,0
6055,1.8435010103985782e-05,0
6056,7.789772296495219e-05,0
6057,5.224113406775453e-05,0
6058,0.00014880487389313984,0
6059,7.888196185984861e-05,0
6060,0.00011132759358735094,0
6061,8.67237873622645e-05,0
6062,0.00019628136283383129,0
6063,8.678699470205472e-05,0
6064,1.1036712632169684e-05,0
6065,5.119307597322059e-05,0
6066,3.17673747865556e-05,0
6067,9.053681740115394e-06,0
6068,8.92878281334232e-06,0
6069,1.755931861225666e-05,0
6070,5.0639631478900516e-05,0
6071,4.913343683166577e-05,0
6072,1.6679974730562703e-05,0
6073,3.444394577693855e-05,0
6074,4.82366775310163e-05,0
6075,3.9071965987622784e-05,0
6076,8.370616182784827e-05,0
6077,3.637567544995268e-05,0
6078,3.451753068225836e-05,0
6079,2.612461427352132e-05,0
6080,6.284109391162269e-05,0
6081,6.921567645580892e-05,0
6082,0.00014894777605314112,0
6083,8.789652404744376e-05,0
6084,2.3118377468085188e-05,0
6085,2.881760783421363e-05,0
6086,1.7937668263141866e-05,0
6087,4.084700523757231e-05,0
6088,2.5788475977091906e-05,0
6089,1.5496568566436518e-05,0
6090,3.98815069365535e-05,0
6091,0.00011487312583231695,0
6092,7.172754051859146e-05,0
6093,3.048602261836065e-05,0
6094,0.0001787112394920506,0
6095,3.0428320720713585e-05,0
6096,8.003531021091924e-05,0
6097,6.768711657778707e-05,0
6098,0.0006795885788605125,0
6099,0.00011967403719606638,0
6100,0.0010971438932004147,0
6101,0.005397426918890347,0
6102,4.7912796819575557e-05,0
6103,0.00010076434307296885,0
6104,0.00033369537719008094,0
6105,0.00030109508641420715,0
6106,0.0005152365854085129,0
6107,0.000929217755276561,0
6108,0.005004962355005375,0
6109,0.0014166361713994885,0
6110,0.00192976838497878,0
6111,5.886121450453777e-05,0
6112,0.0021679449534333798,0
6113,0.00016893770093707913,0
6114,0.00030565008038386843,0
6115,0.0038588311634284345,0
6116,0.006122667222295172,0
6117,0.00044682893979524154,0
6118,0.03829750833007755,0
6119,0.04310651762575418,0
6120,0.00013930319894526067,0
6121,0.00013800225241677989,0
6122,1.3006669827414738e-05,0
6123,3.798958418131491e-05,0
6124,0.00010292430774145719,0
6125,6.52509181310385e-05,0
6126,0.0010952779419475449,0
6127,0.00018765967696534098,0
6128,0.0002511128473898039,0
6129,2.0329835042920886e-05,0
6130,5.591792744196908e-05,0
6131,5.2725168089516794e-05,0
6132,5.4528751032967835e-05,0
6133,0.005655872696659519,0
6134,9.33048124261563e-05,0
6135,1.6047944086895358e-05,0
6136,0.00024942200078496607,0
6137,4.8113828856966174e-05,0
6138,0.0002115000998093164,0
6139,7.598417233438738e-06,0
6140,1.3491583843807488e-05,0
6141,1.8309747282190785e-05,0
6142,0.0002566534905545463,0
6143,0.00022500487708206591,0
6144,5.0347194381411694e-05,0
6145,0.0003364238535939681,0
6146,2.6906898187105136e-05,0
6147,4.372965364976119e-05,0
6148,3.300616878119422e-05,0
6149,0.00010335157228410642,0
6150,6.680974912236727e-06,0
6151,2.8017765363251857e-05,0
6152,0.00014749502651045763,0
6153,1.7260684906135147e-05,0
6154,5.193458525686619e-05,0
6155,0.0007772082095360118,0
6156,8.139574244721834e-05,0
6157,6.379903021374877e-06,0
6158,0.00027006005534404963,0
6159,5.844465186685233e-05,0
6160,0.00013479796539961713,0
6161,5.325537937966412e-05,0
6162,9.028367949666136e-05,0
6163,0.00014539622117158688,0
6164,3.8217743429331486e-05,0
6165,1.5266601911622455e-05,0
6166,2.8370380577630426e-05,0
6167,2.5866945632260684e-05,0
6168,1.587462532636075e-05,0
6169,2.2342250913887785e-05,0
6170,2.6581908068967573e-05,0
6171,9.354862146769868e-06,0
6172,5.7976506087873095e-05,0
6173,1.1551040007843484e-05,0
6174,3.9172275139400355e-05,0
6175,3.154266764775421e-05,0
6176,3.050669108705225e-05,0
6177,1.6531330925402168e-05,0
6178,1.1165083663825861e-05,0
6179,2.7068659144587367e-05,0
6180,2.9401412769143022e-05,0
6181,4.783815771243923e-05,0
6182,3.5912105186966624e-05,0
6183,1.2611673585426875e-05,0
6184,2.770925005549042e-05,0
6185,1.3476679260508071e-05,0
6186,8.954375809163397e-06,0
6187,2.9359841714059835e-05,0
6188,2.712007899759789e-05,0
6189,2.00893588054916e-05,0
6190,1.549193971885461e-05,0
6191,3.8835257564532484e-05,0
6192,1.3211448950409703e-05,0
6193,3.596466123632153e-05,0
6194,1.1692149279202602e-05,0
6195,2.4625330578037487e-05,0
6196,8.414165494239178e-05,0
6197,5.536695975502408e-05,0
6198,8.97872011328267e-06,0
6199,3.9267131159344265e-05,0
6200,1.2682992862611518e-05,0
6201,7.465445046038282e-05,0
6202,1.4910443549778137e-05,0
6203,1.392228154762462e-05,0
6204,9.014058217434614e-06,0
6205,0.00027865326937575517,0
6206,2.601540841181142e-05,0
6207,3.192307243769409e-05,0
6208,1.4060887721579103e-05,0
6209,1.6638075918495068e-05,0
6210,1.5849777739651195e-05,0
6211,0.005362417118800974,0
6212,0.0014970770403329458,0
6213,0.00010316067324061686,0
6214,0.00016867904724908786,0
6215,0.0006773022728657251,0
6216,0.0002488817657537008,0
6217,7.11374313352176e-05,0
6218,0.0002076244834281498,0
6219,0.00011235938920099935,0
6220,0.00023481761164005668,0
6221,9.947232816260108e-05,0
6222,4.3633166725477154e-05,0
6223,8.494511247703121e-05,0
6224,3.826053814481012e-05,0
6225,0.00033101793470725346,0
6226,0.0001700453686756516,0
6227,0.00012083807776541861,0
6228,6.373491941170039e-05,0
6229,5.568859719805324e-05,0
6230,0.00019340205248944098,0
6231,0.0002601958157255287,0
6232,5.650148934454331e-05,0
6233,6.991915540845686e-05,0
6234,0.00024086627731860735,0
6235,7.000122513372061e-05,0
6236,0.00016924214204320622,0
6237,4.03392048989743e-05,0
6238,3.844573795622781e-05,0
6239,0.00014452093150173155,0
6240,8.76940992293786e-05,0
6241,6.42907522985446e-05,0
6242,0.00016556248135623348,0
6243,0.00020270935113905067,0
6244,0.00012079897617071005,0
6245,0.00011591917672224044,0
6246,0.00019981986822145958,0
6247,0.0004485638814981029,0
6248,0.0009920643700613025,0
6249,3.597755707279311e-05,0
6250,5.5071563903474075e-05,0
6251,7.76651306457475e-05,0
6252,4.117444957171012e-05,0
6253,0.00012749985946027272,0
6254,0.00013449472347766832,0
6255,2.690084958444472e-05,0
6256,6.629888409387845e-05,0
6257,4.453419742130292e-05,0
6258,6.928486181331561e-05,0
6259,0.00014869681812239776,0
6260,5.1880066868950194e-05,0
6261,9.892826928291294e-05,0
6262,9.823607691475852e-05,0
6263,0.00013812409407097602,0
6264,6.919614901756072e-05,0
6265,0.00011394989040651693,0
6266,0.00014213252808573888,0
6267,0.0004654531611023085,0
6268,0.00012157142222001201,0
6269,7.031996618995223e-05,0
6270,5.2937928365679665e-05,0
6271,0.00014205665251176022,0
6272,0.00017075727297806656,0
6273,0.00011812358704187887,0
6274,0.00013429997368424556,0
6275,0.00021541151960965632,0
6276,1.4460919982570343e-05,0
6277,2.18422996241525e-05,0
6278,3.06123815040085e-05,0
6279,1.959202642714041e-05,0
6280,0.00011546356823628122,0
6281,5.1927349853655865e-05,0
6282,3.3666834598377224e-05,0
6283,3.239831074541894e-05,0
6284,0.00010782664286099075,0
6285,2.6965042175145212e-05,0
6286,2.0660963455349005e-05,0
6287,5.265094069745057e-05,0
6288,0.0001327058863434699,0
6289,0.0001919835247375812,0
6290,4.927228035002794e-05,0
6291,0.00012194998795230808,0
6292,2.112275577288357e-05,0
6293,2.9939054723045183e-05,0
6294,0.0008511872144876991,0
6295,0.00021141287842136442,0
6296,5.5083216018768656e-05,0
6297,6.341229652864322e-05,0
6298,6.140646941310673e-05,0
6299,3.1875999285477386e-05,0
6300,3.849308501228261e-05,0
6301,4.778151187541478e-05,0
6302,3.366709723858077e-05,0
6303,8.260895434042139e-05,0
6304,0.00015553306208746287,0
6305,2.143973239401925e-05,0
6306,2.7205301390555926e-05,0
6307,0.00046234727299053496,0
6308,4.2425331952848416e-05,0
6309,0.0001664022409245476,0
6310,0.007764245816979926,0
6311,0.0001722492696153748,0
6312,4.99453408620311e-05,0
6313,3.902346240464612e-05,0
6314,6.432610869283084e-05,0
6315,0.0012456183545146119,0
6316,4.3495375217748754e-05,0
6317,9.04227437452263e-05,0
6318,0.0002313239576613868,0
6319,0.00028636762904485477,0
6320,0.00022771485243234304,0
6321,0.00025285924677509415,0
6322,0.00044759865844692356,0
6323,0.00012683898399293086,0
6324,0.00012135480182731066,0
6325,0.00022226647161558447,0
6326,0.00035976478586514254,0
6327,0.00040931533272647305,0
6328,0.00036404646812008775,0
6329,0.00015512881290397358,0
6330,0.0004099305372509059,0
6331,0.0010200442675411,0
6332,0.00033995810705825816,0
6333,0.00022133494269936665,0
6334,0.00012165462794233853,0
6335,0.0002846173808176408,0
6336,2.2711530076451655e-05,0
6337,0.00010360477662574622,0
6338,8.08807298248432e-06,0
6339,1.5325338997929584e-05,0
6340,9.723560549446212e-06,0
6341,1.3655646389552398e-05,0
6342,3.998895684498128e-05,0
6343,1.5350911606053713e-05,0
6344,3.286152924009867e-05,0
6345,1.3875923445551392e-05,0
6346,1.8778459982189713e-05,0
6347,2.396012261547779e-05,0
6348,1.3957110465462768e-05,0
6349,2.441456971720674e-05,0
6350,1.1480039331731657e-05,0
6351,1.5153279259688128e-05,0
6352,7.855930304670479e-05,0
6353,1.828018963489925e-05,0
6354,1.372695698329878e-05,0
6355,4.3392231511409484e-05,0
6356,3.772838582998012e-05,0
6357,1.1614129254447036e-05,0
6358,6.24876498870648e-05,0
6359,4.434409938182201e-05,0
6360,4.640392226691e-05,0
6361,1.5383757149302553e-05,0
6362,3.271494794203048e-05,0
6363,3.2784324703610384e-05,0
6364,2.9148677962965294e-05,0
6365,2.4277524031990352e-05,0
6366,1.815422673478713e-05,0
6367,4.063962926196058e-05,0
6368,1.9157982885615833e-05,0
6369,2.0591105411853173e-05,0
6370,2.3091943985587066e-05,0
6371,0.00014828314942150794,0
6372,3.198311870448895e-05,0
6373,5.158174815385723e-05,0
6374,0.00013122787145609515,0
6375,0.0002535509118682988,0
6376,6.0037715958034694e-05,0
6377,5.676710787115858e-05,0
6378,2.37614027604338e-05,0
6379,4.351933719506318e-05,0
6380,0.00011137036210458523,0
6381,0.00012121881466673037,0
6382,0.00010294099206265604,0
6383,0.03209212747918739,0
6384,0.01684140551306248,0
6385,0.004879305680113504,0
6386,0.011448666198593613,0
6387,0.02021106463244749,0
6388,0.035096803369523,0
6389,0.03453946242293312,0
6390,0.03897846714842888,0
6391,0.9033052047683359,1
6392,0.003119818258382353,0
6393,0.007460961750216529,0
6394,0.012036303943401917,0
6395,0.062498723167142264,0
6396,0.003296673601871043,0
6397,0.02526963083302205,0
6398,0.00909741052048939,0
6399,0.004259102335366445,0
6400,0.004939589556593063,0
6401,0.07571057042628081,0
6402,0.9449486875273757,1
6403,0.9600502274153182,1
6404,0.9699593025377137,1
6405,0.9867105341383184,1
6406,0.9916693458349228,1
6407,0.4637110702861696,0
6408,0.8502846562801127,1
6409,0.9854303005548711,1
6410,0.9942645219791512,1
6411,0.9921243723566302,1
6412,0.2584636409144437,0
6413,0.0026085026464451712,0
6414,0.7370235528002761,1
6415,0.9577595158334642,1
6416,0.9742918664430862,1
6417,0.0376677627737836,0
6418,0.9676085393077464,1
6419,0.02275532966142363,0
6420,0.003497320901299409,0
6421,0.0015189370408517505,0
6422,0.01130932991174781,0
6423,0.02767567237149394,0
6424,0.049613670087938815,0
6425,0.36677133483898383,0
6426,0.01562835093281301,0
6427,0.0030320995967280805,0
6428,0.023003440369199907,0
6429,0.022652606228959957,0
6430,0.0040014701803584955,0
6431,0.39880625076271686,0
6432,0.03537831106398938,0
6433,0.028306416709930612,0
6434,0.09847294733462619,0
6435,0.030245769511697957,0
6436,0.023081844790469368,0
6437,0.0720813152020138,0
6438,0.05203315553812238,0
6439,0.022163905585428637,0
6440,0.02417538591266174,0
6441,0.013591880523872273,0
6442,0.008607379990444513,0
6443,0.0019212907442738049,0
6444,0.016419366002863516,0
6445,0.004063300163425629,0
6446,0.009154250207361712,0
6447,0.008196984859086334,0
6448,0.006779033151029407,0
6449,0.11941290804923782,0
6450,0.994181540429556,1
6451,0.993632932774393,1
6452,0.9811879512423839,1
6453,0.032245423494143555,0
6454,0.010516545404835096,0
6455,0.007343012945888088,0
6456,0.00977733970733781,0
6457,0.14365764449930166,0
6458,0.013802094438586023,0
6459,0.001584302884315499,0
6460,0.020241881150040403,0
6461,0.014207777318977039,0
6462,0.006589666801818471,0
6463,0.8531762933930659,1
6464,0.038168775113492974,0
6465,0.018067512594322713,0
6466,0.007657996282986678,0
6467,0.02987420639853151,0
6468,0.01331980857487576,0
6469,0.01803041150446033,0
6470,0.014993140326616222,0
6471,0.9739752995761898,1
6472,0.9907126317052019,1
6473,0.9832915181578512,1
6474,0.4881219982959048,0
6475,0.0017322521559908497,0
6476,0.9973855555169665,1
6477,0.008821475615944464,0
6478,0.01984189136668022,0
6479,0.9834761085415719,1
6480,0.9885799662061673,1
6481,0.9758352062706388,1
6482,0.9914324391970973,1
6483,0.9946005761527161,1
6484,0.9745095938679657,1
6485,0.9958879493284402,1
6486,0.9868404786445362,1
6487,0.9825083685415845,1
6488,0.996785884850755,1
6489,0.9956638556423647,1
6490,0.9950049252230223,1
6491,0.9816138850502809,1
6492,0.016713367162860055,0
6493,0.0035104523454088784,0
6494,0.00522737638374826,0
6495,0.0049303334518510395,0
6496,0.016976739862515668,0
6497,0.4245300273584876,0
6498,0.009694538967896184,0
6499,0.0076989433655164944,0
6500,0.006140410708194367,0
6501,0.010349088453318,0
6502,0.011575789844830245,0
6503,0.02773113064258005,0
6504,0.9800383124077099,1
6505,0.003413025865885935,0
6506,0.004037453389805137,0
6507,0.0017282088235472217,0
6508,0.0008153810656221965,0
6509,0.0008307463094255153,0
6510,0.0005379662560014536,0
6511,0.013418897269641544,0
6512,0.001963247030735415,0
6513,0.0029078611692925603,0
6514,0.0022275116861072957,0
6515,0.014422256501293116,0
6516,0.0012043905814421323,0
6517,0.024941640845745027,0
6518,0.9973874678362571,1
6519,0.9816858093992629,1
6520,0.045093399571285275,0
6521,0.019988325291613065,0
6522,0.047886296436466025,0
6523,0.9978714040645096,1
6524,0.9913786054985697,1
6525,0.9968042006332052,1
6526,0.9900855045269377,1
6527,0.9756264255610404,1
6528,0.9960862748573688,1
6529,0.9983296869584489,1
6530,0.9871999234112601,1
6531,0.9877672096945458,1
6532,0.04686518333007667,0
6533,0.008155449278685521,0
6534,0.054521747362556376,0
6535,0.997271331374163,1
6536,0.9759318351693287,1
6537,0.9948888587128116,1
6538,0.9918700036695213,1
6539,0.9852177601780908,1
6540,0.9714916654694967,1
6541,0.9861850349313944,1
6542,0.8012647059283037,1
6543,0.9967034931174144,1
6544,0.9754639839487625,1
6545,0.9979620345469917,1
6546,0.9945208717104073,1
6547,0.9969192451190532,1
6548,0.9961259176158413,1
6549,0.9904124808575564,1
6550,0.9917717708063957,1
6551,0.9981946888451491,1
6552,0.9840838582858012,1
6553,0.9903032079214908,1
6554,0.977672752124535,1
6555,0.9978300528216252,1
6556,0.9951688061462468,1
6557,0.9938668498871929,1
6558,0.9905570600235499,1
6559,0.990720239553891,1
6560,0.9889023010998311,1
6561,0.9954957008808555,1
6562,0.9979437847815377,1
6563,0.9791363192320951,1
6564,0.9818679822634937,1
6565,0.980563324675316,1
6566,0.998647060254383,1
6567,0.9679065608657269,1
6568,0.9993912575404125,1
6569,0.9814476814632309,1
6570,0.9910890391504531,1
6571,0.016923142636834018,0
6572,0.01166146169662334,0
6573,0.029647105725134217,0
6574,0.0709376200882082,0
6575,0.017510386532771385,0
6576,0.04093987283727567,0
6577,0.2560605123738219,0
6578,0.9929870243503678,1
6579,0.9688591441819798,1
6580,0.9701820833938384,1
6581,0.016874688116272327,0
6582,0.012010984158765038,0
6583,0.012206819779844362,0
6584,0.16245276071105702,0
6585,0.032325215726071554,0
6586,0.035305829754172464,0
6587,0.9985806815018392,1
6588,0.996126479182501,1
6589,0.9994461075128455,1
6590,0.9981489363107058,1
6591,0.9981427229474499,1
6592,0.9991532939755499,1
6593,0.9996910144331579,1
6594,0.9990720712849734,1
6595,0.9990138083164148,1
6596,0.99663388578892,1
6597,0.9996031086641141,1
6598,0.9973141612451178,1
6599,0.9968332537173212,1
6600,0.9971499665811318,1
6601,0.9958688360981972,1
6602,0.9959897445139926,1
6603,0.9887841222393013,1
6604,0.9985580075117523,1
6605,0.998008473724905,1
6606,0.9931395132848307,1
6607,0.9991315121338183,1
6608,0.9610568904910307,1
6609,0.9997422884102068,1
6610,0.9963873727859751,1
6611,0.974547340061101,1
6612,0.98806977971888,1
6613,0.9990879935479077,1
6614,0.9998546273550761,1
6615,0.9985999618604249,1
6616,0.9997088765818066,1
6617,0.9997623533858826,1
6618,0.9986845166922194,1
6619,0.9974264056629313,1
6620,0.9969087182947622,1
6621,0.9978590199076139,1
6622,0.9996703970912978,1
6623,0.7708119633456572,1
6624,0.6476317107108764,1
6625,0.996691793788604,1
6626,0.9796633791705698,1
6627,0.9991401153691508,1
6628,0.9992380552866842,1
6629,0.9995527149415204,1
6630,0.9857407177326478,1
6631,0.999257183613214,1
6632,0.9993596057587617,1
6633,0.9881927199103174,1
6634,0.9898529422753196,1
6635,0.9826326909901196,1
6636,0.999542348453748,1
6637,0.9989457361452784,1
6638,0.9988984377553511,1
6639,0.9985705385236922,1
6640,0.9995558164723012,1
6641,0.9990936423295613,1
6642,0.9996145321506744,1
6643,0.9955916689138002,1
6644,0.9987313675955406,1
6645,0.9964090211354785,1
6646,0.9996593319777599,1
6647,0.9930933023341306,1
6648,0.9998393336324306,1
6649,0.9992827131687876,1
6650,0.9998644543401078,1
6651,0.9991510433649282,1
6652,0.9984965537409509,1
6653,0.999315667998678,1
6654,0.9998003438559411,1
6655,0.9990341017102335,1
6656,0.9996273702042139,1
6657,0.9990796739545134,1
6658,0.9996756959306546,1
6659,0.9945759175563436,1
6660,0.9985291997438753,1
6661,0.9868107329552048,1
6662,0.9971417539518482,1
6663,0.9976866269863606,1
6664,0.9986845297076752,1
6665,0.9995086589750153,1
6666,0.9983729338119537,1
6667,0.9997177440737409,1
6668,0.9995848278642573,1
6669,0.9984103314310498,1
6670,0.9999402830595039,1
6671,0.9999181338892907,1
6672,0.9927664691374528,1
6673,0.982637265988581,1
6674,0.9996282756479343,1
6675,0.9997432866022503,1
6676,0.9977134417239656,1
6677,0.9998881820045699,1
6678,0.9998562030934242,1
6679,0.9974932445925745,1
6680,0.9986536158130812,1
6681,0.9991905431141277,1
6682,0.9992247816331433,1
6683,0.9995130958376266,1
6684,0.9990646262789942,1
6685,0.9993907317267179,1
6686,0.9991469033008447,1
6687,0.9939749970434217,1
6688,0.9997229922411377,1
6689,0.9996158816285082,1
6690,0.9987365891170411,1
6691,0.9955127862708654,1
6692,0.9969550804711919,1
6693,0.9794301728754748,1
6694,0.9830033212639454,1
6695,0.9947555850948413,1
6696,0.9928489443845862,1
6697,0.9887419270268641,1
6698,0.9950520571324186,1
6699,0.9913065318242915,1
6700,0.9865207530770782,1
6701,0.9960974972485026,1
6702,0.9996095418907188,1
6703,0.9998860303013332,1
6704,0.9995672502387585,1
6705,0.805174145684876,1
6706,0.985380042994436,1
6707,0.9997627747592859,1
6708,0.9987820933732937,1
6709,0.9995749557453153,1
6710,0.9994046467459208,1
6711,0.9998274761751507,1
6712,0.9998221671418441,1
6713,0.9996222838655973,1
6714,0.9999434495645259,1
6715,0.999657347665592,1
6716,0.9998903474901548,1
6717,0.9997088983713238,1
6718,0.9996708916421315,1
6719,0.9991740543440428,1
6720,0.9998545639337748,1
6721,0.9998871484570783,1
6722,0.9993610519490843,1
6723,0.9959598876216944,1
6724,0.9907793156514314,1
6725,0.9873506856638082,1
6726,0.9841100562259508,1
6727,0.9988986438379822,1
6728,0.9849116727236242,1
6729,0.03398699552227967,0
6730,0.03553359690272056,0
6731,0.6641355104967382,1
6732,0.06227943046128502,0
6733,0.024217210210816006,0
6734,0.03448777557805893,0
6735,0.040746420926027836,0
6736,0.027769209878190364,0
6737,0.045801604597011915,0
6738,0.02613742440020382,0
6739,0.02640332700622452,0
6740,0.993331853267434,1
6741,0.017966197034202477,0
6742,0.05351734874043165,0
6743,0.03573592589988471,0
6744,0.9877552208404177,1
6745,0.9906731972235039,1
6746,0.9974193050115819,1
6747,0.9696334603040165,1
6748,0.9917840769334674,1
6749,0.9886104454543903,1
6750,0.9916052446422958,1
6751,0.9922333188491003,1
6752,0.9918066775602014,1
6753,0.9924791982077219,1
6754,0.031356923477547295,0
6755,0.9718255668768028,1
6756,0.9862529803373236,1
6757,0.9762893225295618,1
6758,0.995160929259578,1
6759,0.9783816555949467,1
6760,0.9512106714778479,1
6761,0.9796108239240993,1
6762,0.9932116302114589,1
6763,0.9846481686472717,1
6764,0.41885747195041945,0
6765,0.9728777091244759,1
6766,0.9762170428231165,1
6767,0.9872888529613729,1
6768,0.9643442090729888,1
6769,0.04843053148601734,0
6770,0.021431104516121593,0
6771,0.027854824900890564,0
6772,0.035375285414157624,0
6773,0.07833480878715515,0
6774,0.0017346479448950747,0
6775,0.007581626981303022,0
6776,0.009629394470349708,0
6777,0.02607371806650542,0
6778,0.017599987342898693,0
6779,0.03000072133323152,0
6780,0.054995270884687135,0
6781,0.9929505146568954,1
6782,0.9946219164147283,1
6783,0.9897669469870228,1
6784,0.9978335234055339,1
6785,0.9914057562701708,1
6786,0.9987343720131325,1
6787,0.9936408280199471,1
6788,0.9843595549326478,1
6789,0.010239374113766058,0
6790,0.04123000880867448,0
6791,0.006343031370338025,0
6792,0.008981524238781024,0
6793,0.006374413847873658,0
6794,0.009987450157064415,0
6795,0.7716357446014952,1
6796,0.04055639270439748,0
6797,0.002838000408864731,0
6798,0.0001098782223456966,0
6799,0.00034981258030455096,0
6800,0.008297165969621626,0
6801,0.010756087649763069,0
6802,0.0012500307311926557,0
6803,0.0001701016656738875,0
6804,0.0024865873558166545,0
6805,0.0014998245421466597,0
6806,0.0004265763729557578,0
6807,0.00011703998394860798,0
6808,0.0007418464390908058,0
6809,0.002116159785385808,0
6810,0.00018238013586223176,0
6811,0.0010705381730441628,0
6812,0.0005186939865924126,0
6813,0.02479731137524185,0
6814,0.0010073519980462785,0
6815,0.0006606836058065807,0
6816,0.006075311054139625,0
6817,0.0003097834634992172,0
6818,0.006030416031692262,0
6819,0.00260139863346383,0
6820,0.015340449171507096,0
6821,0.981080549087565,1
6822,0.7132929818577086,1
6823,0.9836925388625872,1
6824,0.9926899274253378,1
6825,0.9721365370322944,1
6826,0.9846249054085774,1
6827,0.9874456188652277,1
6828,0.9995855682332286,1
6829,0.9991549545484423,1
6830,0.9990836969998564,1
6831,0.9941479582464254,1
6832,0.9965130388706225,1
6833,0.9979168658332166,1
6834,0.996316627792712,1
6835,0.9860903197420714,1
6836,0.9979589777656039,1
6837,0.9996120992392085,1
6838,0.9979149142046646,1
6839,0.9979283275598835,1
6840,0.9961656203779595,1
6841,0.9971057564833212,1
6842,0.9848202830167149,1
6843,0.9926354123682855,1
6844,0.9994200602739686,1
6845,0.992113275961812,1
6846,0.9991601465723586,1
6847,0.9892605883861166,1
6848,0.9977872729820391,1
6849,0.9977736202472708,1
6850,0.9998011781059088,1
6851,0.9995322872106062,1
6852,0.9998180357493872,1
6853,0.9993737589830133,1
6854,0.9994677939901977,1
6855,0.9976882955425417,1
6856,0.9997179795393255,1
6857,0.99986590113526,1
6858,0.9994623332855846,1
6859,0.9971199284503365,1
6860,0.999637701597427,1
6861,0.9959253310182072,1
6862,0.9797792699021388,1
6863,0.9989883090275214,1
6864,0.9764888576256789,1
6865,0.982721987823844,1
6866,0.0012152483493415582,0
6867,0.016485296154406606,0
6868,0.009641599089770043,0
6869,0.0008868850634934432,0
6870,0.009467733441259306,0
6871,0.02025502755086567,0
6872,0.019834778841826706,0
6873,0.014523027416873087,0
6874,0.006385612460267055,0
6875,0.9987328472412378,1
6876,0.9902152575772546,1
6877,0.9846620527363669,1
6878,0.9906363934781989,1
6879,0.9943711455027142,1
6880,0.999793863804107,1
6881,0.9993052606733107,1
6882,0.9993957909831308,1
6883,0.9953643347691086,1
6884,0.9997093241994663,1
6885,0.9994509803805439,1
6886,0.9993428307930202,1
6887,0.9984670039027835,1
6888,0.9998447436561134,1
6889,0.9941681844175922,1
6890,0.9993830959020391,1
6891,0.9874484759421418,1
6892,0.022931131856565704,0
6893,0.013826965970244652,0
6894,0.012007924379276553,0
6895,0.012814388203140521,0
6896,0.341285605101572,0
6897,0.0007246054145647994,0
6898,0.024634761419053616,0
6899,0.00026520883335979953,0
6900,0.00033539846615771664,0
6901,0.0005029573173884283,0
6902,0.0012604315556783083,0
6903,0.004651058359206541,0
6904,0.013370774764998719,0
6905,0.01002145046590807,0
6906,0.011374899074260572,0
6907,0.01021960768307875,0
6908,0.03569568263268229,0
6909,0.013907310411847526,0
6910,0.01493095290258125,0
6911,0.0005140311141127565,0
6912,0.005045628937204667,0
6913,0.0005582154036052272,0
6914,0.0007904089519716852,0
6915,0.0006248062194655113,0
6916,0.0009346038954252948,0
6917,0.00022271614738502576,0
6918,0.0012982758461488244,0
6919,0.007613337029449977,0
6920,0.001410720137376722,0
6921,0.01247843345095309,0
6922,0.0053591332188640765,0
6923,0.006677284488636768,0
6924,0.9923403085367569,1
6925,0.9995468587221569,1
6926,0.9920289604627857,1
6927,0.9950722634924187,1
6928,0.9990437703249061,1
6929,0.9963411122221071,1
6930,0.9989855407316461,1
6931,0.9996953141104845,1
6932,0.9995294003204631,1
6933,0.9997426855225273,1
6934,0.9990438047857524,1
6935,0.9999431549226051,1
6936,0.999935538843369,1
6937,0.9997721012576221,1
6938,0.9919666443560923,1
6939,0.9997840377038715,1
6940,0.9996819738562117,1
6941,0.9999141396878289,1
6942,0.9995445077404889,1
6943,0.9985769665909736,1
6944,0.999720860610366,1
6945,0.9985132118000931,1
6946,0.999251754230642,1
6947,0.9997600127238805,1
6948,0.9983834882765698,1
6949,0.9992874997412156,1
6950,0.9991154511851578,1
6951,0.9998579335250577,1
6952,0.9971777512567341,1
6953,0.02168216523378168,0
6954,0.31489879466025406,0
6955,0.5075865098052468,1
6956,0.992440038251852,1
6957,0.9909377213882542,1
6958,0.9994506066653285,1
6959,0.9982271358405734,1
6960,0.9993695298834264,1
6961,0.9927663715224131,1
6962,0.9997157293683746,1
6963,0.999870886856526,1
6964,0.9999165477369291,1
6965,0.9942047253691675,1
6966,0.9983308196680959,1
6967,0.999463365593362,1
6968,0.9995062897218054,1
6969,0.9990394678002567,1
6970,0.9999041619922642,1
6971,0.9998985742764613,1
6972,0.9995485324603106,1
6973,0.9998506763539763,1
6974,0.9998080370477659,1
6975,0.9997506537884201,1
6976,0.9996310199635777,1
6977,0.9999329286398231,1
6978,0.9997780356916472,1
6979,0.9992610100935616,1
6980,0.999834246696941,1
6981,0.9998798344582221,1
6982,0.9998755399770176,1
6983,0.9998433964302632,1
6984,0.999692155062552,1
6985,0.9994500183368681,1
6986,0.9998995547346248,1
6987,0.9998020817820406,1
6988,0.9989789981320627,1
6989,0.9993686188182187,1
6990,0.9997520566203556,1
6991,0.9997736242504496,1
6992,0.9998760081692892,1
6993,0.999779809517762,1
6994,0.9997011201276519,1
6995,0.9997713684034759,1
6996,0.9998560255542394,1
6997,0.999851929016539,1
6998,0.9995465844681953,1
6999,0.9998058210221457,1
7000,0.9992058901295467,1
7001,0.9999278942013711,1
7002,0.9998758165467991,1
7003,0.9997015999769742,1
7004,0.999664899069097,1
7005,0.9996205529328106,1
7006,0.9998528594719763,1
7007,0.9999018365068126,1
7008,0.9999268250168958,1
7009,0.9998379499692454,1
7010,0.9999019483539806,1
7011,0.9998110970908012,1
7012,0.9998078410503236,1
7013,0.9999537619652749,1
7014,0.9999680263914011,1
7015,0.999951204460569,1
7016,0.9998429243682182,1
7017,0.9999513931520204,1
7018,0.9999302425674054,1
7019,0.9990431127838133,1
7020,0.9999068927688074,1
7021,0.9997959980563073,1
7022,0.9998973662807311,1
7023,0.999844781784886,1
7024,0.9997831952551515,1
7025,0.9997810130237076,1
7026,0.9999336724019438,1
7027,0.9999161776245549,1
7028,0.9990686153135148,1
7029,0.9999284491605112,1
7030,0.999769171346506,1
7031,0.9998784767117851,1
7032,0.9999305141995547,1
7033,0.9997234085042234,1
7034,0.9997973081571336,1
7035,0.9999424947191682,1
7036,0.004348474366060643,0
7037,0.016465987939110333,0
7038,0.9995511896729843,1
7039,0.999905089485959,1
7040,0.9996396334627667,1
7041,0.9998319177073983,1
7042,0.9995096260760609,1
7043,0.9996851387007586,1
7044,0.9997479364882883,1
7045,0.9994622145901711,1
7046,0.999908419216579,1
7047,0.9994347742952562,1
7048,0.9993061805116435,1
7049,0.9948423380713669,1
7050,0.9992708269301877,1
7051,0.9996565659003014,1
7052,0.8768419280471136,1
7053,0.9997625352931719,1
7054,0.9999059079103619,1
7055,0.9997265132160622,1
7056,0.9998704498284334,1
7057,0.9973542521760347,1
7058,0.9993728247809814,1
7059,0.9999118779505971,1
7060,0.9997683675783559,1
7061,0.9998656148397751,1
7062,0.9993758715002388,1
7063,0.9999329083918741,1
7064,0.9974306223984484,1
7065,0.9991066039515107,1
7066,0.9999310156776531,1
7067,0.9996967859855688,1
7068,0.9999052015758604,1
7069,0.9998382236694456,1
7070,0.999945957829882,1
7071,0.9997373741162108,1
7072,0.9994017111395302,1
7073,0.9994892685702129,1
7074,0.9998173352219878,1
7075,0.9997554243497375,1
7076,0.9996379913732173,1
7077,0.9999064503216719,1
7078,0.9996032252609128,1
7079,0.9998928782341003,1
7080,0.9996831839447546,1
7081,0.9984787024598878,1
7082,0.9998036092447372,1
7083,0.9998567205153024,1
7084,0.9988914020661794,1
7085,0.9997072281990407,1
7086,0.9995056328198633,1
7087,0.9995113148120882,1
7088,0.9995970997726447,1
7089,0.999741224842071,1
7090,0.9999586692620933,1
7091,0.9987937966125205,1
7092,0.999886407439394,1
7093,0.9967367953166435,1
7094,0.9997940556269495,1
7095,0.9999453028345697,1
7096,0.9973949297587982,1
7097,0.9999285810195985,1
7098,0.99997248326143,1
7099,0.9996380834750257,1
7100,0.9994162923889814,1
7101,0.9999062242436132,1
7102,0.9999850393738409,1
7103,0.9998108540958821,1
7104,0.999435321274062,1
7105,0.9997319493316909,1
7106,0.9990139476956749,1
7107,0.9982610532902998,1
7108,0.9997893788077921,1
7109,0.9999752367816235,1
7110,0.997539498918499,1
7111,0.9991620322244233,1
7112,0.9996159392307178,1
7113,0.9999690046347834,1
7114,0.979119563715374,1
7115,0.9999087965238789,1
7116,0.9984953613059832,1
7117,0.9999489097523612,1
7118,0.9996374503573212,1
7119,0.94783787099735,1
7120,0.9994333104613995,1
7121,0.9997142419315422,1
7122,0.9997979014748852,1
7123,0.9999599674570474,1
7124,0.998355459747659,1
7125,0.9979586353597505,1
7126,0.9979166939847222,1
7127,0.9997681458467447,1
7128,0.9999590310756359,1
7129,0.9982434779917692,1
7130,0.9981361224345882,1
7131,0.9999750554728113,1
7132,0.9928886136122757,1
7133,0.9999220994137662,1
7134,0.9996094203023511,1
7135,0.9998943437149109,1
7136,0.9999313786385642,1
7137,0.9993046476028911,1
7138,0.9991831695924407,1
7139,0.9999511161354524,1
7140,0.9999113707438805,1
7141,0.9998274757910135,1
7142,0.999896479735835,1
7143,0.999934477162771,1
7144,0.999951773882108,1
7145,0.9992009367568422,1
7146,0.9996173769086867,1
7147,0.9977232323848508,1
7148,0.9996995580588071,1
7149,0.9992634433400182,1
7150,0.9969347595819814,1
7151,0.996505467270881,1
7152,0.9987084955828701,1
7153,0.9999509855245565,1
7154,0.999842826505823,1
7155,0.9985241841156878,1
7156,0.9881984114232805,1
7157,0.9803361832599278,1
7158,0.9990159049926798,1
7159,0.9898027642098197,1
7160,0.988785216200235,1
7161,0.9974435573323611,1
7162,0.9984555740872063,1
7163,0.9998452061377403,1
7164,0.9976835362881556,1
7165,0.9999317198395034,1
7166,0.9988337550900934,1
7167,0.9999583553879313,1
7168,0.9997854145243679,1
7169,0.9990792704074789,1
7170,0.9999298944967608,1
7171,0.9999155190499,1
7172,0.9999484060087465,1
7173,0.9999502934844361,1
7174,0.9995742245469472,1
7175,0.9998107207907834,1
7176,0.9997091419765272,1
7177,0.9983101656268871,1
7178,0.9994800399632554,1
7179,0.9995521438574749,1
7180,0.9991967916635347,1
7181,0.9996407911644212,1
7182,0.9998289036822514,1
7183,0.9994813661763547,1
7184,0.9921236864780951,1
7185,0.9998822551603277,1
7186,0.9996691260406396,1
7187,0.9986530016215392,1
7188,0.9998804871823129,1
7189,0.9994004811003134,1
7190,0.999876776835485,1
7191,0.9979028094550022,1
7192,0.9999046464729555,1
7193,0.99970219969057,1
7194,0.9999323477060399,1
7195,0.9999415520128098,1
7196,0.9997973456122112,1
7197,0.998173442329723,1
7198,0.9977611332561681,1
7199,0.9996523919410764,1
7200,0.999674942510364,1
7201,0.9999408052284571,1
7202,0.9988032050389465,1
7203,0.9997332758993152,1
7204,0.9999560562203265,1
7205,0.9978068115881821,1
7206,0.9999615142532973,1
7207,0.9996033541190299,1
7208,0.9993578328943096,1
7209,0.9999025363805084,1
7210,0.9997001196413013,1
7211,0.9988959745966733,1
7212,0.6336039766724024,1
7213,0.9937650454443864,1
7214,0.28550178101306456,0
7215,0.9993393016950574,1
7216,0.9999123647426976,1
7217,0.9998389754458198,1
7218,0.9901147175605416,1
7219,0.997394556320268,1
7220,0.9999597965168223,1
7221,0.9995427220916893,1
7222,0.9998780264330289,1
7223,0.9999186835038786,1
7224,0.9997348384474863,1
7225,0.9997204188032929,1
7226,0.9987855451709876,1
7227,0.9998872379261374,1
7228,0.995346465894872,1
7229,0.9998043972578462,1
7230,0.9997326803249631,1
7231,0.9927021636023153,1
7232,0.9998712353680012,1
7233,0.9997377372725083,1
7234,0.9997664010927985,1
7235,0.9999549421647583,1
7236,0.9996543071897434,1
7237,0.9991344377671912,1
7238,0.9986863440593984,1
7239,0.9997198807612309,1
7240,0.9945954722452268,1
7241,0.9994555159798467,1
7242,0.9998256830078707,1
7243,0.9997302197096604,1
7244,0.9983906608015214,1
7245,0.9993051941873363,1
7246,0.9997130371062396,1
7247,0.9989259408100832,1
7248,0.9999288213134516,1
7249,0.9999433423083258,1
7250,0.9998923370387789,1
7251,0.9997741637398119,1
7252,0.9998903011841085,1
7253,0.9999426803122334,1
7254,0.9997619227176048,1
7255,0.9998962262633341,1
7256,0.9994668877704119,1
7257,0.9996310169334472,1
7258,0.9998583763200076,1
7259,0.9998151575244626,1
7260,0.9999643787064699,1
7261,0.9998856193213754,1
7262,0.9999345456764801,1
7263,0.9998869059828764,1
7264,0.999910238679831,1
7265,0.9995927521389792,1
7266,0.9999392432317568,1
7267,0.9987601033869047,1
7268,0.9994183296550252,1
7269,0.9998591153015669,1
7270,0.9998707724828652,1
7271,0.9996494490834981,1
7272,0.9930822801535578,1
7273,0.997173737594177,1
7274,0.9994904754947994,1
7275,0.9998044324907861,1
7276,0.9964417924489558,1
7277,0.9891460954067602,1
7278,0.9953748153724444,1
7279,0.998600054134033,1
7280,0.999621801336126,1
7281,0.9998510005804047,1
7282,0.9973146862135901,1
7283,0.998422929025259,1
7284,0.9989080329654507,1
7285,0.99947646329487,1
7286,0.999867182752478,1
7287,0.9997112523499301,1
7288,0.9970743162905984,1
7289,0.9994272047707806,1
7290,0.9998914377467378,1
7291,0.9992621098689752,1
7292,0.9998468342871728,1
7293,0.9999255485714567,1
7294,0.9995479230349936,1
7295,0.9998840593285091,1
7296,0.9995255852040744,1
7297,0.9997894919946457,1
7298,0.9997690714257927,1
7299,0.9989031768716464,1
7300,0.9996879041685361,1
7301,0.9999434430190642,1
7302,0.9997872321746589,1
7303,0.9999309041084806,1
7304,0.9999497845497655,1
7305,0.9999045553269974,1
7306,0.999744584049062,1
7307,0.9998582716778733,1
7308,0.99924614192111,1
7309,0.9998338603852007,1
7310,0.9993913157823596,1
7311,0.9998963051211254,1
7312,0.9999523851807376,1
7313,0.9981635928148197,1
7314,0.999920968514447,1
7315,0.9990202218250203,1
7316,0.9904959445476588,1
7317,0.9981457686872339,1
7318,0.9997086078833551,1
7319,0.9996958448786334,1
7320,0.9996333378774184,1
7321,0.9998720348690029,1
7322,0.9996732385196134,1
7323,0.9998672653772325,1
7324,0.9999561579632111,1
7325,0.9990791106922763,1
7326,0.9999073525080299,1
7327,0.9999335906860368,1
7328,0.9999444475117918,1
7329,0.999825169531876,1
7330,0.9996030863598946,1
7331,0.9996284264338535,1
7332,0.9999487260222644,1
7333,0.9999479503442281,1
7334,0.9999652021376937,1
7335,0.9997441684126733,1
7336,0.9999540092913476,1
7337,0.9999639939750393,1
7338,0.995892914646283,1
7339,0.9907286483670968,1
7340,0.995667284885133,1
7341,0.9964666570433567,1
7342,0.9989565157360824,1
7343,0.9952883894433966,1
7344,0.9990580159550565,1
7345,0.9998890318621957,1
7346,0.9958405605839664,1
7347,0.9936114617537465,1
7348,0.9994546353349657,1
7349,0.999956352081224,1
7350,0.9998841737517729,1
7351,0.9995495379616218,1
7352,0.999630528259266,1
7353,0.929801740812984,1
7354,0.9929287721991615,1
7355,0.012714174806894853,0
7356,0.005252427654074768,0
7357,0.008422236374562832,0
7358,0.0316312451293137,0
7359,0.00872093597608011,0
7360,0.007180732364887342,0
7361,0.9937676327969782,1
7362,0.9987695273488452,1
7363,0.9993560895656409,1
7364,0.9988041289892522,1
7365,0.9979014371593659,1
7366,0.9993004041858964,1
7367,0.9997654787276153,1
7368,0.998627488321431,1
7369,0.9998119019156771,1
7370,0.9959433470438835,1
7371,0.9997288616488206,1
7372,0.9999433339681557,1
7373,0.9998027056732668,1
7374,0.9983719653695178,1
7375,0.9999516108008991,1
7376,0.9997209365323463,1
7377,0.9998609928065704,1
7378,0.9998987381772281,1
7379,0.9999610034429224,1
7380,0.9999712125386571,1
7381,0.9999078014495122,1
7382,0.9997789354195121,1
7383,0.9998253913961296,1
7384,0.9998398336854208,1
7385,0.9999401295449603,1
7386,0.9998743640400076,1
7387,0.9999129185988395,1
7388,0.9998945507138067,1
7389,0.9983491584940133,1
7390,0.9880390793792361,1
7391,0.020352524024462422,0
7392,0.008132842972337285,0
7393,0.9957517356894776,1
7394,0.9991850274121867,1
7395,0.9969846719625417,1
7396,0.9947738878224859,1
7397,0.9996457312037478,1
7398,0.9994216610285249,1
7399,0.9999007646016337,1
7400,0.8885797135526425,1
7401,0.9999373705449145,1
7402,0.9999527151127268,1
7403,0.999932861774889,1
7404,0.9992466714471988,1
7405,0.9994699249708183,1
7406,0.9999432805348316,1
7407,0.9987075138565715,1
7408,0.9988073697044522,1
7409,0.9998112782564004,1
7410,0.9999096676297964,1
7411,0.9998137254268541,1
7412,0.9999168433653585,1
7413,0.9998718487441054,1
7414,0.9997512202586665,1
7415,0.9994716087965299,1
7416,0.9998594858229246,1
7417,0.9998677527635951,1
7418,0.999853470333343,1
7419,0.9999539274619191,1
7420,0.9999251183514763,1
7421,0.9999600671447286,1
7422,0.9999012844591568,1
7423,0.999759748115981,1
7424,0.9999157852390208,1
7425,0.9991382345528192,1
7426,0.9975597055679469,1
7427,0.9996891866323429,1
7428,0.9996491480757762,1
7429,0.9998776364566593,1
7430,0.9994646075391788,1
7431,0.9991249434193182,1
7432,0.9999407926123117,1
7433,0.9994551927017108,1
7434,0.9996195046858722,1
7435,0.9995726607105148,1
7436,0.9999546066463498,1
7437,0.9995361037292076,1
7438,0.9997734552905785,1
7439,0.9998774468679446,1
7440,0.9996772487401216,1
7441,0.9994911913443109,1
7442,0.9998286695876851,1
7443,0.9996129249090079,1
7444,0.9997428456586986,1
7445,0.995593715351732,1
7446,0.9994826006691706,1
7447,0.9998578734962046,1
7448,0.9998470719664131,1
7449,0.9981048718876602,1
7450,0.999809239847781,1
7451,0.999882935362421,1
7452,0.9997537195154929,1
7453,0.9947486870823146,1
7454,0.002625659768773765,0
7455,0.0053429610741405125,0
7456,0.005414182843210953,0
7457,0.004051189703046949,0
7458,0.2129648129418641,0
7459,0.018352525865879602,0
7460,0.013952319817348255,0
7461,0.011187932789404356,0
7462,0.013061448691232557,0
7463,0.45768084943682386,0
7464,0.01789861161615168,0
7465,0.05365080227822298,0
7466,0.0019359421284063422,0
7467,0.01478154521383485,0
7468,0.005114726871311981,0
7469,0.00037846023960378983,0
7470,0.0013079416037811995,0
7471,0.0011105632931090346,0
7472,0.675108522915924,1
7473,0.0484700826773567,0
7474,0.0011945582203904438,0
7475,0.0018682831076304082,0
7476,0.002384442106523007,0
7477,0.0024850859708645838,0
7478,0.00011746397230562554,0
7479,0.001657093779259427,0
7480,0.0021720143295647087,0
7481,0.0036799886511614736,0
7482,0.012341684856580644,0
7483,0.003594730839718859,0
7484,0.011747557558900426,0
7485,0.0006638649940890502,0
7486,0.004994989458831752,0
7487,0.9863595056412021,1
7488,0.9883960220222847,1
7489,0.024066979624947183,0
7490,0.04632948833035933,0
7491,0.29040306232827595,0
7492,0.016580893128639557,0
7493,0.008855612868147424,0
7494,0.02070166640088806,0
7495,0.06602374407690015,0
7496,0.016308683152780307,0
7497,0.9942796736369198,1
7498,0.9971050411834819,1
7499,0.9974291495675639,1
7500,0.9937574499510365,1
7501,0.9981459353948167,1
7502,0.9988173868789624,1
7503,0.9990364013589409,1
7504,0.9921165140373084,1
7505,0.996339098527206,1
7506,0.9992003609667153,1
7507,0.9993834134522405,1
7508,0.9983473418754943,1
7509,0.9993140107987221,1
7510,0.9990986137869086,1
7511,0.9802784196620735,1
7512,0.9972057536377741,1
7513,0.9985988256503842,1
7514,0.9976388976207576,1
7515,0.9968841616305643,1
7516,0.9993872672023016,1
7517,0.9998046539457331,1
7518,0.999578382071473,1
7519,0.9965907541655028,1
7520,0.998872286145846,1
7521,0.9988903854301113,1
7522,0.9995184577566615,1
7523,0.999694695399082,1
7524,0.9993788681327038,1
7525,0.9998422252630756,1
7526,0.9993937899082735,1
7527,0.9978913811700976,1
7528,0.999410401985564,1
7529,0.9991339143649852,1
7530,0.9993511570724177,1
7531,0.9987873095097471,1
7532,0.9984888518362132,1
7533,0.9960717955225104,1
7534,0.9965839963205807,1
7535,0.9971729126524019,1
7536,0.9993450664419947,1
7537,0.998793649591246,1
7538,0.999107281501768,1
7539,0.9997635520379028,1
7540,0.9845287035372786,1
7541,0.9944352409591514,1
7542,0.9963925800997594,1
7543,0.9997046788368934,1
7544,0.9998555195539564,1
7545,0.9996192178681655,1
7546,0.9867748036192279,1
7547,0.9997577505671477,1
7548,0.9996506559664183,1
7549,0.9992649656127633,1
7550,0.9975828709114615,1
7551,0.9987816554076181,1
7552,0.9995257066664366,1
7553,0.9994583569677247,1
7554,0.9969929973492992,1
7555,0.9992143358133874,1
7556,0.9993503246196476,1
7557,0.9997200865320567,1
7558,0.9997997941817695,1
7559,0.9995448949121223,1
7560,0.9998094122904193,1
7561,0.9998820183717169,1
7562,0.9979157626595926,1
7563,0.9997195485806563,1
7564,0.9996237109692605,1
7565,0.9997829634197947,1
7566,0.9998701561994998,1
7567,0.9997724973995042,1
7568,0.9997139693924404,1
7569,0.9996828847335932,1
7570,0.9998322106515857,1
7571,0.9886121690307271,1
7572,0.9996145213251385,1
7573,0.9981156050998794,1
7574,0.9984945361649267,1
7575,0.9876519987549865,1
7576,0.9901019807492067,1
7577,0.9864734699792697,1
7578,0.9963795150399395,1
7579,0.9837103705220283,1
7580,0.99071140246843,1
7581,0.9894985782076486,1
7582,0.9992972576368684,1
7583,0.9982612569376083,1
7584,0.9977407525495455,1
7585,0.9993845815625086,1
7586,0.9939536090689001,1
7587,0.9917834767778111,1
7588,0.999657405252796,1
7589,0.9983451006603605,1
7590,0.9998224372608008,1
7591,0.9997546743922088,1
7592,0.9994052706135553,1
7593,0.9997175618194589,1
7594,0.9988231127507313,1
7595,0.9993291011640614,1
7596,0.9945792337210954,1
7597,0.998853156064796,1
7598,0.9986208397516522,1
7599,0.999722774061228,1
7600,0.9981398500921436,1
7601,0.9996444063478921,1
7602,0.9994469440611413,1
7603,0.995324112450419,1
7604,0.9998054572962086,1
7605,0.9997270956747576,1
7606,0.9997791524011286,1
7607,0.09678049960505497,0
7608,0.9806239601943941,1
7609,0.9436666110293339,1
7610,0.9961105363269022,1
7611,0.9998495084766583,1
7612,0.9994245049280667,1
7613,0.9975629811758652,1
7614,0.9998227789929082,1
7615,0.9997475562125336,1
7616,0.9973251179107989,1
7617,0.9990106735148081,1
7618,0.9999190189319971,1
7619,0.9996554209974443,1
7620,0.9996337688549017,1
7621,0.9980259354825862,1
7622,0.9991661024005397,1
7623,0.9998278193656883,1
7624,0.9992892473834976,1
7625,0.9974430493455595,1
7626,0.9988483440707547,1
7627,0.9999627677957215,1
7628,0.9998566081568819,1
7629,0.9998703126283913,1
7630,0.999096965314513,1
7631,0.9997862984123355,1
7632,0.9999350594378176,1
7633,0.9997127558714114,1
7634,0.999785861606809,1
7635,0.9996449660216135,1
7636,0.9998480583424247,1
7637,0.9997245920320388,1
7638,0.9998996731756693,1
7639,0.999610608728572,1
7640,0.9999031093444212,1
7641,0.9967254340965962,1
7642,0.9949349666412505,1
7643,0.9986826775023705,1
7644,0.9940158789938831,1
7645,0.9998590066570138,1
7646,0.9991667016058188,1
7647,0.9992740638924885,1
7648,0.9996824348874508,1
7649,0.9999281207953525,1
7650,0.9997342921241705,1
7651,0.9994713495278356,1
7652,0.9995501739582345,1
7653,0.9958323845912024,1
7654,0.999640887307385,1
7655,0.9991681268453785,1
7656,0.9998397813287513,1
7657,0.9998993032804949,1
7658,0.999234561270814,1
7659,0.9448479322615088,1
7660,0.9937008397357482,1
7661,0.012526794547856742,0
7662,0.9955433272405483,1
7663,0.01578252985598816,0
7664,0.011220239606416044,0
7665,0.005029751051671124,0
7666,0.020583535320088765,0
7667,0.013967014510852808,0
7668,0.024477515113353172,0
7669,0.031248281479999987,0
7670,0.001658204379832526,0
7671,0.0003620725336068184,0
7672,0.005802144457099231,0
7673,0.03654498195061397,0
7674,0.0013316787871169185,0
7675,0.02582449109218218,0
7676,0.9674006767327645,1
7677,0.00019703373534187333,0
7678,0.004648137915121884,0
7679,0.0008139832314469578,0
7680,0.04599232547434662,0
7681,0.0098355171403826,0
7682,0.8150587233345103,1
7683,0.0009388735181440054,0
7684,0.00021575873762201656,0
7685,0.00012858367929538224,0
7686,0.0004647306385028847,0
7687,0.0013562036093761694,0
7688,0.0012103461116107846,0
7689,0.015832481290949583,0
7690,0.00020773274235879642,0
7691,0.0011306200436631212,0
7692,0.00018909568261243749,0
7693,0.00038989602031658217,0
7694,0.0010258075483656787,0
7695,0.030379188011903566,0
7696,0.0004696430283233495,0
7697,0.005068257614056924,0
7698,0.014672627685507953,0
7699,0.045967220004896295,0
7700,0.013919860448533045,0
7701,0.002093593728357465,0
7702,0.002549387455499517,0
7703,0.00036032239628318937,0
7704,0.028450574025347765,0
7705,0.02617751736698888,0
7706,0.0008681820224997962,0
7707,0.0009686363169482765,0
7708,0.0016712743741903182,0
7709,0.012456702323759774,0
7710,0.9998796912106639,1
7711,0.9908634778712508,1
7712,0.9899614071489303,1
7713,0.019975557213344583,0
7714,0.004944611535327705,0
7715,0.03474103144820329,0
7716,0.02707440412964437,0
7717,0.9569921378311668,1
7718,0.9925694824763391,1
7719,0.991028165058177,1
7720,0.9524162585194706,1
7721,0.9941317090837234,1
7722,0.9954861252696507,1
7723,0.997220873038707,1
7724,0.9980369409503176,1
7725,0.9996976167499176,1
7726,0.9940884304261799,1
7727,0.9985359806787409,1
7728,0.9993581152151717,1
7729,0.9994133178763103,1
7730,0.9992376659733732,1
7731,0.9994406954430993,1
7732,0.9950169847736307,1
7733,0.9986817767692435,1
7734,0.9996468381870769,1
7735,0.9992778946885639,1
7736,0.998944143121183,1
7737,0.9995271211908004,1
7738,0.9973674322067501,1
7739,0.9986318236518777,1
7740,0.9996425076578513,1
7741,0.9997485965557833,1
7742,0.9996724235517153,1
7743,0.9996510486032615,1
7744,0.9995959890504929,1
7745,0.9988691382226493,1
7746,0.9992280476418249,1
7747,0.9988798283525486,1
7748,0.9993988264497115,1
7749,0.9984290111118962,1
7750,0.9993339858083258,1
7751,0.9980736478975744,1
7752,0.9974577832338496,1
7753,0.9992141507795976,1
7754,0.9994279392709472,1
7755,0.9993813405423388,1
7756,0.9985038322764164,1
7757,0.9997042600258783,1
7758,0.999489351241551,1
7759,0.999531503770185,1
7760,0.9994873864010794,1
7761,0.9984125850776334,1
7762,0.9993920652735345,1
7763,0.9956459605289601,1
7764,0.9996000332482053,1
7765,0.9998389763577972,1
7766,0.9999419990584522,1
7767,0.9992868714154433,1
7768,0.9997784447877628,1
7769,0.9989903561892883,1
7770,0.9970569927808697,1
7771,0.9991023332752097,1
7772,0.9793389065577812,1
7773,0.9990237452699595,1
7774,0.9996677823568033,1
7775,0.999816830145288,1
7776,0.9999021298906852,1
7777,0.9989065131777034,1
7778,0.9996623580959804,1
7779,0.9994309142671622,1
7780,0.9997781122378845,1
7781,0.999766620333164,1
7782,0.9998024862184014,1
7783,0.999782822968767,1
7784,0.9985904975649559,1
7785,0.9995753383032272,1
7786,0.9998539917469146,1
7787,0.9986940755413156,1
7788,0.9997544348260468,1
7789,0.9995426284687386,1
7790,0.9994395281861067,1
7791,0.998988887879642,1
7792,0.9998584053448797,1
7793,0.9999232560165408,1
7794,0.9999236530867941,1
7795,0.9998995026987587,1
7796,0.9999665552195731,1
7797,0.9998301839288216,1
7798,0.9999291372598254,1
7799,0.9977108161189165,1
7800,0.9964258510332881,1
7801,0.9996244225970942,1
7802,0.9999129385841847,1
7803,0.9998376928730401,1
7804,0.9999437953670149,1
7805,0.9997743265001536,1
7806,0.9999761007200444,1
7807,0.9998997578060635,1
7808,0.9998747031738223,1
7809,0.9999275651798892,1
7810,0.9966547950837933,1
7811,0.9997597788288102,1
7812,0.9997839844433944,1
7813,0.9999539567707887,1
7814,0.9997781362154259,1
7815,0.9998619841577217,1
7816,0.9997434258181228,1
7817,0.9999317638447346,1
7818,0.9999440945486038,1
7819,0.9962623576743873,1
7820,0.9992164167658785,1
7821,0.999680893279551,1
7822,0.9994435666600062,1
7823,0.9996560215527974,1
7824,0.9996593658037205,1
7825,0.9999017281962749,1
7826,0.9998904992220304,1
7827,0.9999482962910735,1
7828,0.9995417274702845,1
7829,0.9994563468785976,1
7830,0.9998432911816612,1
7831,0.9999526279603915,1
7832,0.999844266993379,1
7833,0.9986484844768947,1
7834,0.9998985731653025,1
7835,0.9990195412730549,1
7836,0.9998855912701751,1
7837,0.9993004549684598,1
7838,0.9998095262732677,1
7839,0.9992756031454896,1
7840,0.999787015833562,1
7841,0.9998419047108751,1
7842,0.9994901146568234,1
7843,0.9998054737324632,1
7844,0.9998311434541626,1
7845,0.999549514274622,1
7846,0.9997976388396985,1
7847,0.9993204473778022,1
7848,0.9969000350226948,1
7849,0.9998412787929598,1
7850,0.9994157389190309,1
7851,0.9998423032070258,1
7852,0.9998669455028975,1
7853,0.9999257567513825,1
7854,0.9997338394450276,1
7855,0.9997802973959145,1
7856,0.9996780990488401,1
7857,0.9991505834160276,1
7858,0.9998839476611848,1
7859,0.9993107566457816,1
7860,0.9988140114042896,1
7861,0.9958321490618137,1
7862,0.9981873917448264,1
7863,0.993169638672543,1
7864,0.9987797655675682,1
7865,0.9997690375461132,1
7866,0.999245460982564,1
7867,0.9996951952126328,1
7868,0.9998544241319333,1
7869,0.9993462523096256,1
7870,0.9988896968553802,1
7871,0.9998707602642085,1
7872,0.9993424650113866,1
7873,0.9991571940572608,1
7874,0.9999329319128692,1
7875,0.9990366339821852,1
7876,0.9998385435529099,1
7877,0.9987690409803487,1
7878,0.9997204723306912,1
7879,0.9996338294268527,1
7880,0.999628120116228,1
7881,0.9998495580723182,1
7882,0.9999742092016729,1
7883,0.9998264483652383,1
7884,0.9996540927204803,1
7885,0.9986202017188068,1
7886,0.9999340441885731,1
7887,0.9995537412516775,1
7888,0.9970642544601075,1
7889,0.9998943367654268,1
7890,0.9940695087930655,1
7891,0.9998474977997408,1
7892,0.9995388096882966,1
7893,0.9961018044433552,1
7894,0.9999063691971161,1
7895,0.9963199797301114,1
7896,0.9997196963404524,1
7897,0.9985987141238107,1
7898,0.9995110501686417,1
7899,0.9998783438002702,1
7900,0.9996687432600206,1
7901,0.9997082698095948,1
7902,0.9997896727695106,1
7903,0.9995055734239272,1
7904,0.9998161608861416,1
7905,0.9998165353982603,1
7906,0.9999547922546164,1
7907,0.9991754118598299,1
7908,0.9994547177109083,1
7909,0.9995850759200791,1
7910,0.998462796863798,1
7911,0.9998149139301636,1
7912,0.9996331128909465,1
7913,0.9988289106088246,1
7914,0.9996394907683328,1
7915,0.9997171450109794,1
7916,0.9999576343195009,1
7917,0.9996800318794823,1
7918,0.9998265816067493,1
7919,0.999638663138574,1
7920,0.9996431726414594,1
7921,0.9995093580683928,1
7922,0.9997781463204547,1
7923,0.9993164700608792,1
7924,0.9998068187943555,1
7925,0.9995054344054645,1
7926,0.9997639941463794,1
7927,0.9988049255366084,1
7928,0.9991813540092046,1
7929,0.9994012478841046,1
7930,0.9990884471037489,1
7931,0.9854395069052944,1
7932,0.003787225478426695,0
7933,0.018133422142126883,0
7934,0.922324283633555,1
7935,0.0300783304163604,0
7936,0.02693805592125597,0
7937,0.027069416454564777,0
7938,0.01761877871021253,0
7939,0.004134253467900441,0
7940,0.9902290321565957,1
7941,0.001265786346190476,0
7942,0.011213104480584575,0
7943,0.11782192241011206,0
7944,0.016463627660787183,0
7945,0.002330584352743909,0
7946,0.007176906679105713,0
7947,0.017122457662391084,0
7948,0.012425192371137544,0
7949,0.982862673100348,1
7950,0.9898492114752316,1
7951,0.9842707093281196,1
7952,0.9922429942924375,1
7953,0.9930579962572614,1
7954,0.013103290757086153,0
7955,0.01316026758655658,0
7956,0.9943386845095552,1
7957,0.9961175452641317,1
7958,0.9992822354332592,1
7959,0.9957784551224029,1
7960,0.997172901717046,1
7961,0.9978709879097585,1
7962,0.9958864254791074,1
7963,0.9981979630094447,1
7964,0.9956818731247188,1
7965,0.9995130033588293,1
7966,0.998834260932123,1
7967,0.9981363047871107,1
7968,0.9993442054475211,1
7969,0.9991900511229909,1
7970,0.9995041484085322,1
7971,0.9761443883822948,1
7972,0.9976854467300883,1
7973,0.9994681220792784,1
7974,0.999669929901671,1
7975,0.9992950174051052,1
7976,0.9998603586249442,1
7977,0.999521670307697,1
7978,0.9998061805352343,1
7979,0.999927888234308,1
7980,0.9998022753077446,1
7981,0.9993676681945685,1
7982,0.998552512094028,1
7983,0.9990731086214254,1
7984,0.9978743537666602,1
7985,0.9994918015856437,1
7986,0.9996701253791687,1
7987,0.9963861763030946,1
7988,0.9997836169905158,1
7989,0.9997492550924924,1
7990,0.9996567161040752,1
7991,0.9968032576251497,1
7992,0.001628869255138404,0
7993,0.9921570431327595,1
7994,0.003174146563819416,0
7995,0.002110270444164371,0
7996,0.0003076684445061715,0
7997,0.0026540401453199573,0
7998,0.0005131582678501642,0
7999,0.00018451336566468194,0
8000,8.144020139922695e-05,0
8001,0.0002361636811240749,0
8002,0.00023965584492855908,0
8003,1.2375123969761175e-05,0
8004,9.731753917926307e-06,0
8005,1.2709282062789054e-05,0
8006,3.960965234023457e-06,0
8007,8.768148075643306e-06,0
8008,4.470770911489897e-05,0
8009,1.5499886947302416e-05,0
8010,1.6389311842492633e-05,0
8011,1.5049710328132537e-05,0
8012,5.5808225818323145e-05,0
8013,9.90155761318374e-06,0
8014,1.226258792770842e-05,0
8015,0.0002195912047587517,0
8016,1.1716185131552869e-05,0
8017,4.009162286337898e-05,0
8018,4.080379905819293e-05,0
8019,4.049275030890618e-05,0
8020,2.6638429992068703e-05,0
8021,2.4922802479450017e-05,0
8022,1.620284029126003e-05,0
8023,3.3143296236855905e-05,0
8024,3.7840085050966836e-05,0
8025,4.83371472917938e-05,0
8026,2.4590940744853077e-05,0
8027,3.8746035963309646e-05,0
8028,1.0097375227924371e-05,0
8029,1.6355250259701825e-05,0
8030,3.817607508181416e-05,0
8031,3.484880690302428e-05,0
8032,7.800618551034077e-06,0
8033,7.395558325980227e-06,0
8034,1.5538844065542808e-05,0
8035,1.5781099669905623e-05,0
8036,7.291078921617284e-06,0
8037,1.1248125822663498e-05,0
8038,2.9402176572166492e-05,0
8039,1.7001435260933892e-05,0
8040,2.806178606694157e-05,0
8041,6.758662952321223e-06,0
8042,2.5733794032844503e-05,0
8043,1.1964247986971525e-05,0
8044,8.299000247008138e-06,0
8045,7.292891610331544e-06,0
8046,3.583313967530682e-05,0
8047,6.321746249646568e-06,0
8048,1.4334274554092288e-05,0
8049,5.38178157775697e-05,0
8050,1.455270711467431e-05,0
8051,4.350665850230809e-05,0
8052,1.1626540106415982e-05,0
8053,4.094090608486605e-06,0
8054,6.452058224719709e-06,0
8055,8.62922098360723e-06,0
8056,6.478001872622036e-06,0
8057,2.0544068796167563e-05,0
8058,5.9468919926627916e-05,0
8059,5.126330374326244e-05,0
8060,4.493374878115291e-06,0
8061,7.945466138345226e-06,0
8062,0.00012621609521295662,0
8063,1.9240832177744888e-05,0
8064,1.5173227064817939e-05,0
8065,1.242395422166342e-05,0
8066,1.1406370458947324e-05,0
8067,7.562405029830931e-06,0
8068,1.709865039733598e-05,0
8069,5.823519526069924e-06,0
8070,3.40711057139113e-05,0
8071,1.5902669558326237e-05,0
8072,6.785510445773707e-06,0
8073,7.68929100294052e-06,0
8074,8.318886487311837e-06,0
8075,6.545715167406402e-05,0
8076,7.470352881438251e-05,0
8077,2.3742612620245766e-05,0
8078,1.124013367377729e-05,0
8079,0.00010087951314869779,0
8080,0.0008910246344653537,0
8081,1.0644919393679258e-05,0
8082,3.7186275067338675e-06,0
8083,6.107882330319303e-06,0
8084,2.980359996281971e-06,0
8085,5.6859525997911973e-05,0
8086,5.520923139705606e-05,0
8087,0.00024619280730516234,0
8088,3.634375643402244e-05,0
8089,0.0004604908952315989,0
8090,0.0011678713434358358,0
8091,1.783502788277121e-05,0
8092,0.00031096549102116076,0
8093,1.0042076236101114e-05,0
8094,9.486940852316246e-06,0
8095,0.0009305441000139916,0
8096,5.674343781442789e-05,0
8097,0.00028908623871672816,0
8098,7.5241082931375006e-06,0
8099,8.337888662784397e-06,0
8100,8.244294558123038e-06,0
8101,1.2704143590891944e-05,0
8102,1.5528929905566192e-05,0
8103,2.1850151113976214e-05,0
8104,1.7167086542143176e-05,0
8105,1.1122124928276533e-05,0
8106,1.745639556391243e-05,0
8107,0.0003869582152821,0
8108,4.558210207670097e-06,0
8109,1.9589189594042568e-05,0
8110,6.086928126831276e-05,0
8111,8.547154992072347e-05,0
8112,1.641906449808902e-05,0
8113,1.420796104260781e-05,0
8114,2.9204198977724705e-05,0
8115,0.00017935517136484248,0
8116,1.955083257043325e-05,0
8117,0.0001986284827076021,0
8118,7.646453490493708e-06,0
8119,2.4485833030986158e-05,0
8120,6.002639431345877e-05,0
8121,6.324188544002684e-05,0
8122,0.001548617612935115,0
8123,1.1522474533163034e-05,0
8124,1.898348815792426e-05,0
8125,0.0002074420797331302,0
8126,2.859976395707166e-05,0
8127,8.036258739380439e-05,0
8128,3.3721098157944347e-06,0
8129,5.9414835489356156e-05,0
8130,6.878704685545268e-06,0
8131,5.548906423302097e-06,0
8132,1.027409227038388e-05,0
8133,6.766542731960431e-06,0
8134,4.8942651398064754e-05,0
8135,1.1421540623661818e-05,0
8136,7.749720483981381e-06,0
8137,2.0072938195607727e-05,0
8138,2.8742822433063865e-05,0
8139,8.179415781285982e-06,0
8140,1.0207844585263054e-05,0
8141,2.5159647450855435e-05,0
8142,1.1892573913322462e-05,0
8143,0.0001506198136138272,0
8144,8.897910334454866e-06,0
8145,0.00046618759543207513,0
8146,0.006773333106685437,0
8147,6.607145928401714e-06,0
8148,4.575410121123435e-05,0
8149,6.213659546864037e-06,0
8150,8.447900402546793e-06,0
8151,3.0009618425092064e-05,0
8152,1.3150219132052608e-05,0
8153,0.00012324901760407016,0
8154,1.2723261095994699e-05,0
8155,6.490857156044037e-05,0
8156,0.00045161944298133857,0
8157,1.3749823775047308e-05,0
8158,0.00023305115671272604,0
8159,3.858988522429286e-05,0
8160,4.188228225349008e-05,0
8161,0.0008610652908175727,0
8162,0.9924121891476991,1
8163,0.00013286968757090075,0
8164,0.00010506185159514956,0
8165,1.188267290545599e-05,0
8166,7.471888040259044e-05,0
8167,0.004057307907650465,0
8168,1.7581230768983316e-05,0
8169,0.00029827575169865685,0
8170,6.65465942273483e-06,0
8171,1.6216586653962807e-05,0
8172,1.2042670908314169e-05,0
8173,1.0378456817288893e-05,0
8174,1.6072449648151413e-05,0
8175,7.96450777748664e-06,0
8176,1.4995645635648903e-05,0
8177,9.021059963148725e-06,0
8178,2.0342786628927953e-05,0
8179,1.8582552490028197e-05,0
8180,1.278575605894302e-05,0
8181,1.370784097615396e-05,0
8182,1.3506215098568225e-05,0
8183,2.680224164750789e-05,0
8184,2.2624380801476634e-05,0
8185,6.469325404750116e-06,0
8186,1.0069728246233063e-05,0
8187,1.1082617626052376e-05,0
8188,2.240661840248192e-05,0
8189,2.3025308467179768e-05,0
8190,1.1756724255889068e-05,0
8191,1.0032137858519049e-05,0
8192,9.12676837262351e-06,0
8193,1.123130241622373e-05,0
8194,1.3994907664874802e-05,0
8195,1.1536335133286002e-05,0
8196,3.0159650518663934e-05,0
8197,8.659849431207267e-06,0
8198,1.0706517648113641e-05,0
8199,1.653305193089211e-05,0
8200,6.1146961960649465e-06,0
8201,4.973633936189227e-06,0
8202,3.941516809425624e-06,0
8203,1.5370079483609744e-05,0
8204,1.4533021643157513e-05,0
8205,6.648311145500916e-06,0
8206,0.000646226164960863,0
8207,7.923548325586113e-05,0
8208,1.0279887083029694e-05,0
8209,8.587671307686536e-06,0
8210,3.208275632816499e-05,0
8211,2.7474907477839576e-05,0
8212,2.7797464015458942e-05,0
8213,1.0515134100411926e-05,0
8214,1.8286595152875947e-05,0
8215,1.037544565904172e-05,0
8216,1.3853559334344226e-05,0
8217,1.3872562126492827e-05,0
8218,1.1611687923290055e-05,0
8219,6.821542329275643e-06,0
8220,1.355569945995168e-05,0
8221,6.263501301943948e-05,0
8222,0.00017575067447202054,0
8223,4.157844042029163e-06,0
8224,5.3170354386287315e-06,0
8225,4.788613004077121e-06,0
8226,4.148097847676482e-06,0
8227,7.77829172346464e-06,0
8228,5.052630728625897e-06,0
8229,6.868437249040096e-06,0
8230,2.9572722774965394e-06,0
8231,3.6621205717194556e-06,0
8232,2.811778051691086e-06,0
8233,9.797984024581377e-06,0
8234,8.217778863744348e-06,0
8235,1.1969300408645278e-05,0
8236,1.735895329859903e-05,0
8237,1.0175193002987649e-05,0
8238,9.308100334666295e-06,0
8239,5.409523381550366e-05,0
8240,3.7488307429555683e-06,0
8241,4.8490206355693705e-06,0
8242,2.9683264078123827e-06,0
8243,9.480625975104475e-06,0
8244,7.59615005265318e-05,0
8245,1.3231558882376207e-05,0
8246,0.04402792535236778,0
8247,7.79188587722139e-05,0
8248,7.791090108924544e-06,0
8249,3.75978459599985e-05,0
8250,0.9942415709232144,1
8251,3.381078144310711e-05,0
8252,1.629787553208256e-05,0
8253,2.8902766924404633e-06,0
8254,0.0011469793798681333,0
8255,9.609251534167515e-05,0
8256,4.525821297890959e-05,0
8257,1.9325904298068473e-05,0
8258,6.689536448910836e-06,0
8259,1.1809054976821665e-05,0
8260,1.4924720333292117e-05,0
8261,1.2554075673870643e-05,0
8262,1.208710188092951e-05,0
8263,2.2498174917053454e-05,0
8264,9.705853156248212e-06,0
8265,7.910258604196392e-06,0
8266,0.00385329731956572,0
8267,4.7740757040086415e-05,0
8268,1.4904630008707324e-05,0
8269,1.6669361670572447e-06,0
8270,7.22215348060994e-05,0
8271,5.871493260390725e-05,0
8272,4.507515964026799e-06,0
8273,5.941321791984223e-05,0
8274,5.932346980583131e-06,0
8275,1.1356281456260333e-05,0
8276,8.34720084328864e-06,0
8277,3.84678925517039e-06,0
8278,8.933897680871222e-06,0
8279,9.643162728431494e-06,0
8280,3.729247655983033e-05,0
8281,1.8925504543761448e-05,0
8282,1.3092957180260511e-05,0
8283,7.86520382013686e-06,0
8284,3.278750861440569e-05,0
8285,1.313520948679206e-05,0
8286,7.058578748927638e-06,0
8287,7.852647964241565e-06,0
8288,1.493229134416746e-05,0
8289,6.150149597074997e-06,0
8290,1.1824859006366756e-05,0
8291,2.1137091974979347e-05,0
8292,1.5509844371747967e-05,0
8293,1.3631409780480538e-05,0
8294,7.481580803710294e-06,0
8295,4.188490375366572e-06,0
8296,1.1567789364141102e-05,0
8297,2.7289605879601073e-05,0
8298,1.2480737125966129e-05,0
8299,2.8757250848306444e-05,0
8300,1.7343198889996486e-05,0
8301,6.792460839847022e-06,0
8302,1.4298086335902185e-05,0
8303,3.819846149737185e-05,0
8304,0.0006058063431513115,0
8305,2.3923025837752996e-05,0
8306,1.89537273806099e-05,0
8307,1.6806316616330147e-05,0
8308,2.470737802005889e-05,0
8309,1.1166093967331247e-05,0
8310,9.938133204162952e-05,0
8311,2.1234921845969243e-05,0
8312,2.339390552400746e-05,0
8313,2.0357593881450858e-05,0
8314,2.680138442247298e-05,0
8315,1.5135534501969936e-05,0
8316,7.601766100500385e-06,0
8317,2.0414578352335852e-05,0
8318,1.6551228455577265e-05,0
8319,7.081017671917759e-05,0
8320,3.117431965261319e-05,0
8321,0.00014988192413847856,0
8322,1.7575093199200893e-05,0
8323,8.222056123653376e-06,0
8324,1.0005138968228806e-05,0
8325,0.3159576556803795,0
8326,0.0004268956642321861,0
8327,8.513082298113866e-06,0
8328,1.2372769037922107e-05,0
8329,7.988775202455547e-06,0
8330,8.13305957280739e-06,0
8331,3.42624277409532e-06,0
8332,3.509459978877333e-06,0
8333,3.0910570891216958e-06,0
8334,6.284536806078528e-06,0
8335,7.472569448375497e-06,0
8336,3.1908301372279327e-06,0
8337,4.551224752945992e-06,0
8338,6.295045148244428e-06,0
8339,1.0758133837819592e-05,0
8340,3.4639879112413384e-06,0
8341,1.3982731086028004e-05,0
8342,1.2716619950737034e-05,0
8343,6.614316664849301e-05,0
8344,1.036885574117723e-05,0
8345,8.952341768105893e-06,0
8346,3.2897225637415125e-05,0
8347,2.494554944284219e-05,0
8348,1.947312762516823e-05,0
8349,2.3291055494398754e-05,0
8350,9.343869575987617e-06,0
8351,4.306590603901233e-06,0
8352,1.0388554258198397e-05,0
8353,7.18238578331772e-06,0
8354,1.3538949266944865e-05,0
8355,2.785956778072524e-06,0
8356,0.0007774707807313829,0
8357,0.00163104359090707,0
8358,0.0008330333609485955,0
8359,6.543665235336595e-05,0
8360,0.0007747888833853103,0
8361,0.00019582216311533868,0
8362,0.0001291807833880138,0
8363,0.00047950513696510253,0
8364,0.006063855067074547,0
8365,0.001474994882679741,0
8366,6.142809195870437e-05,0
8367,2.090832483295382e-05,0
8368,0.05243199328903804,0
8369,0.003154874688399175,0
8370,0.0005110927480078488,0
8371,0.0018359301268858698,0
8372,3.356701716992878e-06,0
8373,9.883729623508573e-06,0
8374,9.715842290834723e-06,0
8375,1.1429892011802127e-05,0
8376,2.8432286585566698e-05,0
8377,8.040373999850386e-06,0
8378,0.0010168711139422262,0
8379,5.718789290960962e-06,0
8380,1.007312295275608e-05,0
8381,1.2508361371873477e-05,0
8382,1.2637993851640465e-05,0
8383,1.66248192475565e-05,0
8384,2.0533713758162805e-05,0
8385,8.141561026337514e-06,0
8386,1.2437921159799336e-05,0
8387,7.466185541954392e-06,0
8388,1.4188658724861469e-05,0
8389,3.15400979400832e-05,0
8390,2.5285447522672023e-05,0
8391,2.304393484917104e-05,0
8392,2.0324084853449043e-05,0
8393,0.0010907774300768123,0
8394,8.693964748598993e-06,0
8395,3.924608597826675e-06,0
8396,0.0019543529380427463,0
8397,2.2046845188951323e-05,0
8398,1.2153459267170969e-05,0
8399,1.0858437910911702e-05,0
8400,6.335712409325686e-06,0
8401,1.0724963452283439e-05,0
8402,1.0282811061531093e-05,0
8403,1.0395825512759045e-05,0
8404,7.41075285410799e-05,0
8405,1.3186844813059853e-05,0
8406,1.0933088635537627e-05,0
8407,0.0006970976680832717,0
8408,9.074098062939774e-06,0
8409,1.2129530310048618e-05,0
8410,0.0029528981557578864,0
8411,7.349860603945437e-06,0
8412,0.0001674404110371318,0
8413,0.000574835920363203,0
8414,0.00011042774783162447,0
8415,0.0015480710556301327,0
8416,0.003678254866246248,0
8417,6.305778200219731e-05,0
8418,9.683881255720847e-05,0
8419,5.686491456521283e-05,0
8420,0.00014696517900852205,0
8421,0.00020953250737078228,0
8422,2.293523632997937e-05,0
8423,8.287359660686897e-06,0
8424,8.82469687612072e-06,0
8425,4.7338951844015885e-06,0
8426,0.0006589548749579572,0
8427,0.0001435193413575378,0
8428,0.0005864137398217746,0
8429,8.449853293564291e-05,0
8430,2.8542561505716183e-05,0
8431,9.94897545299115e-06,0
8432,8.709056554218324e-05,0
8433,5.837210555782246e-05,0
8434,1.245529738603032e-05,0
8435,0.0018537275716782545,0
8436,1.572715686474822e-05,0
8437,6.469539735036376e-05,0
8438,1.2620446725930617e-05,0
8439,0.0027629280540123285,0
8440,6.318365096225918e-05,0
8441,7.429299514822237e-05,0
8442,2.8234072898791076e-05,0
8443,1.6001035614054235e-05,0
8444,0.000743577286892739,0
8445,0.0001287915577429108,0
8446,0.0001022533860080199,0
8447,0.7444356808967679,1
8448,6.60862821169621e-05,0
8449,5.44691834828005e-05,0
8450,1.1784669554203206e-05,0
8451,0.0001472864215901381,0
8452,5.5777215165177143e-05,0
8453,0.00010664546333175657,0
8454,2.473534768066748e-05,0
8455,4.071140949431527e-05,0
8456,2.649802589194334e-05,0
8457,0.0010696824757221552,0
8458,0.0020466824915444898,0
8459,0.00014987470556175977,0
8460,0.00046127408489681236,0
8461,3.097293007999856e-05,0
8462,5.3785276135658785e-06,0
8463,7.029261658632107e-05,0
8464,0.0026804987349477666,0
8465,0.0030915447787927043,0
8466,0.0015294047005624315,0
8467,0.002930830886591076,0
8468,0.006539297098297604,0
8469,0.001182501148690226,0
8470,0.0008463594681824124,0
8471,0.0015744845988537425,0
8472,0.0002895226391199975,0
8473,0.0011748264626561472,0
8474,0.0006381648735840316,0
8475,0.00012275743016202403,0
8476,8.307178137119346e-05,0
8477,1.1470745630312864e-05,0
8478,3.584365844599447e-06,0
8479,3.3421666157841624e-06,0
8480,7.907499637393264e-06,0
8481,2.310799394517491e-05,0
8482,1.66531774669047e-05,0
8483,1.2510507043399865e-05,0
8484,1.3618279310229433e-05,0
8485,9.465759402571262e-05,0
8486,8.554161794310346e-06,0
8487,1.226258792770842e-05,0
8488,0.00017055281665417506,0
8489,6.201363544958042e-05,0
8490,3.7416698125742385e-05,0
8491,4.940967108821834e-05,0
8492,4.45581194712131e-05,0
8493,0.0001198940880311386,0
8494,2.0374355089895264e-05,0
8495,1.6583675236752292e-05,0
8496,4.571232502303023e-05,0
8497,2.8942027349493575e-05,0
8498,2.9559368421235766e-05,0
8499,2.7499366524095754e-05,0
8500,2.439431252134989e-05,0
8501,8.914267356959003e-06,0
8502,1.7010024869017017e-05,0
8503,4.8870586848337684e-05,0
8504,3.96699876004888e-05,0
8505,1.0239333571660272e-05,0
8506,2.535696978008726e-05,0
8507,8.612186559663539e-06,0
8508,1.0195594766562886e-05,0
8509,5.825614709267307e-06,0
8510,1.227519237549992e-05,0
8511,2.9771605022196192e-05,0
8512,1.4684047556979605e-05,0
8513,3.9860560116453945e-05,0
8514,6.045559441189555e-06,0
8515,2.3092513768897968e-05,0
8516,1.3916235419381492e-05,0
8517,6.500664237381117e-06,0
8518,1.6739360751301377e-05,0
8519,1.4771901195022962e-05,0
8520,1.396088517831153e-05,0
8521,1.5685413579026288e-05,0
8522,2.482699744214821e-05,0
8523,4.663029092477244e-05,0
8524,8.656930513363163e-06,0
8525,2.3013337699736272e-05,0
8526,3.466690961185777e-06,0
8527,5.637311167392311e-06,0
8528,4.509950806620501e-06,0
8529,4.704694657975567e-06,0
8530,1.9034974749853344e-05,0
8531,5.7433341766296955e-05,0
8532,0.00011645112278107452,0
8533,1.8578109667039576e-05,0
8534,8.243571924655015e-06,0
8535,5.796824557316222e-05,0
8536,1.9240832177744888e-05,0
8537,7.2537603634118725e-06,0
8538,5.685287214366857e-06,0
8539,1.2396590484588852e-05,0
8540,1.2776160803428432e-05,0
8541,1.2188258313335858e-05,0
8542,3.8829682040975665e-06,0
8543,5.511848616913358e-06,0
8544,5.2926158054960654e-05,0
8545,8.500110530723634e-06,0
8546,1.4689528038203394e-05,0
8547,5.077570782094845e-06,0
8548,2.938753782942511e-05,0
8549,9.113179972164454e-05,0
8550,1.5796855137346133e-05,0
8551,1.0256747942992139e-05,0
8552,2.795981058547082e-05,0
8553,0.0018213675261178485,0
8554,1.7022498302965284e-05,0
8555,3.652276784226902e-06,0
8556,5.87327237583544e-06,0
8557,5.302530663598066e-06,0
8558,1.9672864015179644e-05,0
8559,5.1957087757919764e-05,0
8560,0.00026060298087547706,0
8561,3.811842888084318e-05,0
8562,0.00019853871972519294,0
8563,0.00024228894503344685,0
8564,5.921545606616806e-05,0
8565,0.00018183678667082188,0
8566,2.689907757575908e-05,0
8567,1.480000417704279e-05,0
8568,0.0006132350464631837,0
8569,4.109763296649332e-05,0
8570,0.0002934071056298607,0
8571,1.8682682249678747e-05,0
8572,2.63331567793141e-05,0
8573,3.6814836977879036e-05,0
8574,2.3577812169607525e-05,0
8575,1.5807249827676002e-05,0
8576,3.644842772764438e-05,0
8577,1.0293880961460165e-05,0
8578,2.6648404662219267e-05,0
8579,6.24264973770283e-06,0
8580,0.00033394655611806176,0
8581,4.3355768000678475e-05,0
8582,2.511246795296122e-05,0
8583,2.1860689462182744e-05,0
8584,2.5123830827834055e-05,0
8585,4.0911170505544215e-06,0
8586,8.665744234635878e-06,0
8587,3.860367709442763e-05,0
8588,1.3818849269534921e-05,0
8589,0.00020746189628594947,0
8590,0.000139147493275204,0
8591,2.305784073912148e-05,0
8592,3.160870104570816e-05,0
8593,7.681722865566307e-05,0
8594,9.141511014319887e-05,0
8595,0.0005301346336718749,0
8596,6.482502263043561e-06,0
8597,1.7450004414213228e-05,0
8598,0.00012018407688879026,0
8599,1.4341355314522525e-05,0
8600,0.0006189541997806036,0
8601,3.117460979759589e-06,0
8602,2.116801771722131e-05,0
8603,1.0901825457907539e-05,0
8604,7.027443882718621e-06,0
8605,5.462965082609775e-06,0
8606,1.5825987468638713e-05,0
8607,2.7750436890600073e-05,0
8608,4.085457396567277e-05,0
8609,4.648913246330553e-06,0
8610,1.0850792000500731e-05,0
8611,9.43468195691785e-06,0
8612,6.965656760150419e-06,0
8613,1.1868404854129177e-05,0
8614,3.0822305754343235e-05,0
8615,0.00013937864146275456,0
8616,0.0002466724618060191,0
8617,0.001405288759193527,0
8618,0.0012764417449456777,0
8619,1.2309664096326077e-05,0
8620,0.0016341080301214776,0
8621,0.00024731736162868196,0
8622,8.916017227903185e-06,0
8623,2.8160589971925037e-05,0
8624,3.0249732528257587e-06,0
8625,1.6284680053167494e-05,0
8626,0.00012571598565187754,0
8627,1.1835975355026941e-05,0
8628,0.00023018387030994517,0
8629,8.62172369570152e-05,0
8630,0.00014196923547998022,0
8631,6.525473737412242e-05,0
8632,5.3151391941121316e-05,0
8633,4.406365985677699e-06,0
8634,0.00024986179640489053,0
8635,0.992892661729085,1
8636,5.8002156504883995e-05,0
8637,3.531780725956708e-05,0
8638,4.1606133352933406e-05,0
8639,5.688021726015152e-05,0
8640,0.0007176663286020863,0
8641,0.9894033426814859,1
8642,0.002051800583712525,0
8643,0.0028131637343518138,0
8644,1.5205144660743194e-05,0
8645,8.772715332861843e-06,0
8646,1.243554191806512e-05,0
8647,1.22486132814343e-05,0
8648,2.6743130296564944e-05,0
8649,1.971295903696844e-05,0
8650,1.261961648393673e-05,0
8651,5.6096875557906673e-05,0
8652,1.2384121131960714e-05,0
8653,1.2968870167063891e-05,0
8654,1.2173572755584307e-05,0
8655,5.491128820345435e-06,0
8656,7.838061218745463e-06,0
8657,1.13175455024942e-05,0
8658,9.179973862921023e-06,0
8659,8.399773575974164e-06,0
8660,2.2052639022191555e-05,0
8661,6.8858343419827295e-06,0
8662,8.39874725554982e-06,0
8663,1.057063794114915e-05,0
8664,1.586147602857556e-05,0
8665,1.035009593017691e-05,0
8666,1.1142740803355163e-05,0
8667,5.1860537498883944e-05,0
8668,7.96014640339752e-06,0
8669,8.032144593185643e-05,0
8670,1.0840694348137786e-05,0
8671,7.667572306879672e-06,0
8672,1.2946942709907705e-05,0
8673,7.63615228103912e-06,0
8674,8.75554584853386e-06,0
8675,9.234455956047983e-06,0
8676,2.774427186988537e-05,0
8677,1.0724155529911272e-05,0
8678,8.45977611358501e-06,0
8679,0.0003488723684512601,0
8680,8.311517619017566e-05,0
8681,8.61753670749286e-06,0
8682,1.831579368991106e-05,0
8683,3.073665765338176e-05,0
8684,1.9578627879975315e-05,0
8685,2.3650513568857785e-05,0
8686,9.310270267884311e-06,0
8687,1.4657190880783492e-05,0
8688,1.3280030107104733e-05,0
8689,1.3859216383659133e-05,0
8690,1.5153086943267861e-05,0
8691,9.110222584858659e-06,0
8692,1.2607665930685266e-05,0
8693,1.5350114789143428e-05,0
8694,1.0077976901131154e-05,0
8695,0.0004915902833018305,0
8696,7.0372960194591795e-06,0
8697,3.7011998613477875e-06,0
8698,1.180610470919296e-05,0
8699,4.148097847676482e-06,0
8700,1.0927054889742746e-05,0
8701,4.7467657640522415e-06,0
8702,4.267685409564526e-06,0
8703,8.00303322402561e-06,0
8704,2.4858224228640602e-06,0
8705,2.3332431324636084e-06,0
8706,1.1334685437691527e-05,0
8707,3.5068269087541734e-06,0
8708,6.230964567222144e-06,0
8709,1.753929640928567e-05,0
8710,3.898048027083732e-06,0
8711,9.566189575896686e-06,0
8712,0.0001770929213216916,0
8713,3.3725477245491728e-06,0
8714,1.1723409595642915e-05,0
8715,1.976884287382581e-06,0
8716,2.2101102321075995e-06,0
8717,9.028307901020177e-06,0
8718,0.00013890500959101127,0
8719,0.02642831657134605,0
8720,0.00012394753981539772,0
8721,1.531465196329866e-05,0
8722,7.438349760934247e-06,0
8723,0.9951038396836408,1
8724,2.4279658316040856e-05,0
8725,1.185428731602464e-05,0
8726,4.002083103604818e-06,0
8727,0.00032156684701579536,0
8728,0.000732065207992164,0
8729,2.9833135258703852e-05,0
8730,1.802822813742166e-05,0
8731,1.253704819725089e-05,0
8732,3.414117195302015e-05,0
8733,1.413373313149624e-05,0
8734,5.414210926129505e-06,0
8735,1.7038128009129618e-05,0
8736,2.7014281342943682e-05,0
8737,6.429183917599832e-05,0
8738,1.2988772046212939e-05,0
8739,0.0018377740251079584,0
8740,0.00018240215237455519,0
8741,2.0254012974450974e-05,0
8742,2.5443236803618e-06,0
8743,1.815135191017554e-05,0
8744,6.50873196404733e-05,0
8745,6.854469998627157e-06,0
8746,7.104188804673745e-05,0
8747,3.992694968028914e-06,0
8748,2.5873844703785604e-06,0
8749,1.7067782863998807e-05,0
8750,8.866814402910767e-06,0
8751,6.001441477574411e-06,0
8752,8.473471200591258e-06,0
8753,6.224296616615482e-05,0
8754,3.8677041013833635e-05,0
8755,1.3879014027308283e-05,0
8756,6.434177208716993e-06,0
8757,1.0960243897264957e-05,0
8758,2.9542844855591766e-05,0
8759,1.2360889974432209e-05,0
8760,8.144110419193962e-06,0
8761,3.140750699551479e-05,0
8762,1.1250618096059843e-05,0
8763,1.1023934438643421e-05,0
8764,1.9557323728563524e-05,0
8765,1.1910408241692507e-05,0
8766,2.525943291340715e-05,0
8767,6.505142918122889e-06,0
8768,5.6642878275276695e-06,0
8769,1.902056837271079e-05,0
8770,2.5869110778343224e-05,0
8771,1.3197872384188544e-05,0
8772,2.650330922839519e-05,0
8773,1.9415117185369765e-05,0
8774,8.231880214641181e-06,0
8775,1.3937623298699052e-05,0
8776,1.3676217093751088e-05,0
8777,0.004061071289707337,0
8778,3.8973629811954353e-05,0
8779,3.882900837540143e-05,0
8780,2.8099767385117415e-05,0
8781,2.9737113090887624e-05,0
8782,1.780458684503322e-05,0
8783,9.302839341144156e-06,0
8784,2.475817317972694e-05,0
8785,8.039365143378974e-05,0
8786,1.5563635310307664e-05,0
8787,4.1011382624132327e-05,0
8788,1.952709420450854e-05,0
8789,7.151939304141723e-06,0
8790,2.814334360484279e-05,0
8791,5.327056717224206e-06,0
8792,3.748769048365235e-05,0
8793,1.74139292649228e-05,0
8794,3.710652723669364e-05,0
8795,2.7581639386685886e-05,0
8796,7.526767686284188e-06,0
8797,6.086067449464498e-06,0
8798,0.13165487555642863,0
8799,6.001700734495283e-05,0
8800,7.63947860811741e-06,0
8801,5.876397649821902e-06,0
8802,9.65321449432247e-06,0
8803,7.12186236203865e-06,0
8804,7.930266844842684e-06,0
8805,9.601957042865986e-06,0
8806,7.98837878083671e-06,0
8807,5.932245382775171e-06,0
8808,7.728517756516518e-06,0
8809,3.81610957261176e-06,0
8810,4.797350633741165e-06,0
8811,1.3155229414510501e-05,0
8812,1.0096486277680838e-05,0
8813,7.182308505784059e-06,0
8814,2.963070758145745e-05,0
8815,1.606298948453139e-05,0
8816,0.0002591850457415723,0
8817,3.027398112305943e-06,0
8818,6.725593913712493e-06,0
8819,2.7446789436035003e-05,0
8820,2.5546493049492773e-05,0
8821,3.140609227956342e-05,0
8822,9.94958652586193e-06,0
8823,1.6643495079967786e-06,0
8824,5.007803422355668e-06,0
8825,1.4565142561048534e-05,0
8826,4.1875703618360226e-05,0
8827,4.899796359584232e-06,0
8828,1.3557604126965671e-05,0
8829,0.00048560309731903855,0
8830,0.0007365897998533327,0
8831,0.0005656721033339822,0
8832,0.0001025741123827179,0
8833,0.00048087798082766274,0
8834,0.0006461632047449386,0
8835,0.0005047079404481803,0
8836,0.00023187492299790158,0
8837,0.9864450504424727,1
8838,0.0028098973500709176,0
8839,7.606381654383006e-05,0
8840,9.041110870292386e-05,0
8841,0.0919659257473151,0
8842,0.0028005726328176614,0
8843,0.00036713869931028566,0
8844,0.00048551332758472353,0
8845,9.747226382649644e-06,0
8846,1.4307278562250056e-05,0
8847,8.340289392638637e-06,0
8848,1.1719185836444746e-05,0
8849,1.1182885593256347e-05,0
8850,7.450108006460772e-06,0
8851,0.00018798322028483713,0
8852,0.00014213127470680246,0
8853,1.6288221960574968e-05,0
8854,1.2368399352863884e-05,0
8855,1.3543595560857713e-05,0
8856,1.1855581518579495e-05,0
8857,1.2063208069187535e-05,0
8858,1.1659634059819305e-05,0
8859,1.0935603039096976e-05,0
8860,1.1430238516093057e-05,0
8861,1.4962073092332873e-05,0
8862,1.411483375529364e-05,0
8863,2.6634730981660198e-05,0
8864,1.4876324081041169e-05,0
8865,1.3593533446878216e-05,0
8866,0.006133127793097899,0
8867,3.0567646110417695e-06,0
8868,2.404940702351644e-06,0
8869,2.101499406365536e-05,0
8870,0.002599467806966999,0
8871,1.414497084835772e-05,0
8872,1.053664019886929e-05,0
8873,1.4985863529021344e-05,0
8874,1.065214200649957e-05,0
8875,1.2156522412649186e-05,0
8876,1.040717778988209e-05,0
8877,9.54410892937516e-05,0
8878,1.3246616340340098e-05,0
8879,4.540766312726937e-05,0
8880,0.00033694535383853015,0
8881,1.4432360710899037e-05,0
8882,1.0084957382516447e-05,0
8883,0.0029205640018703845,0
8884,8.692399266575333e-06,0
8885,0.0002150918410571991,0
8886,0.0005182206212395833,0
8887,0.00018751494977412876,0
8888,0.0013939271693536532,0
8889,0.015462798798653655,0
8890,6.480700241510507e-05,0
8891,5.3888852418201966e-05,0
8892,5.6550388511652665e-05,0
8893,6.941425135204628e-05,0
8894,8.194935684188918e-05,0
8895,1.849914353157528e-05,0
8896,9.743034451368414e-06,0
8897,8.82469687612072e-06,0
8898,5.169584246520922e-06,0
8899,0.0005698318720909156,0
8900,9.471217617035602e-05,0
8901,0.0004911015896198539,0
8902,5.384209603921433e-05,0
8903,6.650668035852865e-05,0
8904,7.073038343772096e-05,0
8905,0.00010147524221256103,0
8906,3.159626963430085e-05,0
8907,7.041873735029919e-06,0
8908,0.00013155084750949227,0
8909,1.8123020523714495e-05,0
8910,8.117011933962631e-06,0
8911,9.61876649415302e-06,0
8912,0.00456783200770032,0
8913,3.2287976661517486e-05,0
8914,2.251391194574539e-05,0
8915,2.9798555121894133e-05,0
8916,4.8291170754820435e-05,0
8917,8.190008645202612e-05,0
8918,6.57779730594997e-05,0
8919,0.00031810950451698896,0
8920,0.00024258061579423185,0
8921,0.004267214189102047,0
8922,9.819180665577993e-05,0
8923,1.1720512895975622e-05,0
8924,0.0001144313931211616,0
8925,4.947265580527223e-05,0
8926,8.122373911956532e-05,0
8927,2.034357062104906e-05,0
8928,2.918963947982817e-05,0
8929,2.154163543950561e-05,0
8930,0.0009924941609860732,0
8931,0.0023377073020426245,0
8932,0.00015614497188007407,0
8933,2.9345684711497754e-05,0
8934,2.934468196200828e-05,0
8935,1.4038750821245903e-06,0
8936,1.1518955968116574e-05,0
8937,3.1961732887876656e-05,0
8938,0.0001072711675805403,0
8939,9.539289523459376e-05,0
8940,9.539289523459376e-05,0
8941,9.539289523459376e-05,0
8942,9.539289523459376e-05,0
8943,0.001702180172387089,0
8944,0.001706466391296823,0
8945,5.2704509600282954e-05,0
8946,5.2704509600282954e-05,0
8947,5.2704509600282954e-05,0
8948,9.288886836514246e-05,0
8949,0.0002847817204015671,0
8950,0.012774439258683061,0
8951,0.002420531860333475,0
8952,0.0014399156491075647,0
8953,0.00862809722649855,0
8954,0.0016066594551633394,0
8955,0.0028521656812808354,0
8956,0.003089758287412405,0
8957,0.00290857593104952,0
8958,0.0008278980848731275,0
8959,0.001625085135338024,0
8960,0.0002893528707539229,0
8961,9.377909826959104e-05,0
8962,8.4834553038076e-05,0
8963,0.0003175132057245424,0
8964,0.0012262634203768974,0
8965,0.002161819148815543,0
8966,0.001152077937762133,0
8967,0.009998315814790834,0
8968,0.004138064573503172,0
8969,0.0002580795858998327,0
8970,0.00042734804040989594,0
8971,0.0007570557818529181,0
8972,0.0003660792591355177,0
8973,0.00022198839641292986,0
8974,0.0006174391367169395,0
8975,0.00073084334618927,0
8976,0.0010155195346290406,0
8977,0.0006362284077539005,0
8978,0.0007310618482469247,0
8979,0.0006451750569032634,0
8980,0.0004918201846435912,0
8981,0.00015200308052985245,0
8982,4.8226250396026825e-05,0
8983,0.00010837471240370916,0
8984,0.0007187701908083073,0
8985,0.00016081524019018005,0
8986,6.920092255248875e-05,0
8987,0.00014890719389015576,0
8988,0.00019681077321862168,0
8989,0.00013822159654530364,0
8990,7.91450973361255e-05,0
8991,4.116232705064075e-05,0
8992,0.00021146878101226948,0
8993,0.0013182452233267386,0
8994,0.0002325159675672729,0
8995,0.00017519951544931419,0
8996,0.00013989568375248222,0
8997,0.0001967644026304866,0
8998,0.00048448066353271626,0
8999,0.00029021982738966,0
9000,9.650522092134846e-05,0
9001,3.8899682981593625e-05,0
9002,0.00036294642342596774,0
9003,0.0002492131479434186,0
9004,6.60066226309942e-05,0
9005,0.0008344178317644472,0
9006,0.0005913872311143367,0
9007,0.0003682868598479042,0
9008,0.00017450775333782521,0
9009,2.2282517737370873e-05,0
9010,7.916006625003002e-05,0
9011,9.741843964586349e-05,0
9012,0.000300055851355895,0
9013,0.003435311069859457,0
9014,0.003129642725750753,0
9015,5.882626203969417e-05,0
9016,0.00010987819614420923,0
9017,3.821067634314441e-05,0
9018,8.20902292353616e-05,0
9019,1.8654419345112445e-05,0
9020,0.00010886406335766545,0
9021,0.0004649993349653282,0
9022,4.6973074295549516e-05,0
9023,2.5203866128979958e-05,0
9024,6.277273105420936e-05,0
9025,6.634885214172816e-05,0
9026,5.179245955724213e-05,0
9027,6.698139102017947e-05,0
9028,2.902688258956194e-05,0
9029,5.013364400014269e-05,0
9030,3.1870633869344354e-05,0
9031,6.251449100113162e-05,0
9032,3.513668083683771e-05,0
9033,3.0413090295655788e-05,0
9034,3.767071746050078e-05,0
9035,2.6989195965003873e-05,0
9036,5.169065865072882e-05,0
9037,2.837845104854919e-05,0
9038,1.676447490529636e-05,0
9039,5.2500636597938415e-05,0
9040,8.536115191379049e-05,0
9041,7.113196278977853e-05,0
9042,2.895035404711096e-05,0
9043,0.00012892701570527324,0
9044,4.6108288697796524e-05,0
9045,0.0001044984366486598,0
9046,5.2316318645011796e-05,0
9047,6.76623742719966e-05,0
9048,8.099190736616515e-05,0
9049,0.00013863737662320712,0
9050,2.803747052186326e-05,0
9051,0.00021530742865248236,0
9052,0.0002340914274982211,0
9053,4.053836938642704e-05,0
9054,1.888684713019893e-05,0
9055,5.466027203107678e-05,0
9056,0.0002624564236178463,0
9057,6.110474662459315e-05,0
9058,0.0020984776455410395,0
9059,2.5971070627181623e-05,0
9060,0.0001238341540435176,0
9061,8.062863533475097e-06,0
9062,0.0001209954033863204,0
9063,0.000274392143363191,0
9064,0.0004081882231207641,0
9065,7.975341280709251e-05,0
9066,0.0008972023882040383,0
9067,0.0003351139067569302,0
9068,8.472514751255213e-05,0
9069,4.898397845380198e-05,0
9070,5.837827265772529e-05,0
9071,3.991682626393359e-05,0
9072,2.6030118735390128e-05,0
9073,3.907912731961439e-05,0
9074,0.0002106793620141654,0
9075,5.83009660372261e-05,0
9076,7.944899298349373e-06,0
9077,1.3596708361418623e-05,0
9078,0.00013282355812496068,0
9079,1.9090398024843643e-05,0
9080,0.0002791146521451863,0
9081,6.949296371787085e-05,0
9082,0.00016646701801738398,0
9083,0.00015323587576644308,0
9084,3.4522096287902686e-05,0
9085,1.572305656584853e-05,0
9086,0.00012292045233747986,0
9087,1.3314157450538303e-05,0
9088,1.656013283976776e-05,0
9089,8.825733790626595e-06,0
9090,3.7431091443265976e-06,0
9091,2.14036798485775e-05,0
9092,1.797789846105954e-05,0
9093,8.64242340257499e-06,0
9094,3.918805931253909e-06,0
9095,7.840421803306455e-06,0
9096,3.1284103835891835e-06,0
9097,1.2758822049353226e-05,0
9098,4.022936153519013e-06,0
9099,9.248234862629989e-06,0
9100,2.971728810991368e-05,0
9101,7.208837516216334e-06,0
9102,1.48086493431311e-05,0
9103,2.067118098783e-05,0
9104,1.8888217375702764e-05,0
9105,4.3651004590607e-05,0
9106,7.55590519237631e-06,0
9107,1.5406810982327907e-05,0
9108,1.6104450663956393e-05,0
9109,0.00012100912260124283,0
9110,7.194487829521529e-06,0
9111,7.613724945566151e-06,0
9112,1.7998079789364968e-05,0
9113,4.310806125386823e-06,0
9114,1.0186888568008424e-05,0
9115,7.263359149978858e-06,0
9116,3.7891098105748335e-06,0
9117,1.9735656503275025e-05,0
9118,5.627106600601765e-06,0
9119,1.5745943843911362e-05,0
9120,5.8329213082754054e-06,0
9121,2.3571793037893172e-05,0
9122,1.5690854956240373e-05,0
9123,3.62565129566519e-05,0
9124,3.936942972108981e-06,0
9125,6.976244169848076e-06,0
9126,6.516839095282979e-06,0
9127,1.814204027574681e-05,0
9128,2.5394790847757705e-05,0
9129,5.131351919608278e-06,0
9130,1.1228901888264024e-05,0
9131,6.6687642983560345e-06,0
9132,1.0255951279780372e-05,0
9133,1.2701549223750056e-05,0
9134,1.8417191892746766e-05,0
9135,2.3695070456391646e-05,0
9136,3.582930736219465e-05,0
9137,2.0243272583938527e-05,0
9138,0.00015194294084074807,0
9139,1.828043563766987e-05,0
9140,1.329270769647916e-05,0
9141,8.646953315979076e-05,0
9142,1.1498154654275442e-05,0
9143,3.7369878380434e-05,0
9144,7.373636726307338e-06,0
9145,1.545289658425636e-05,0
9146,3.1879550642288055e-06,0
9147,0.04830720477847941,0
9148,0.0008002919102080073,0
9149,0.00011434679737254926,0
9150,6.14524260115172e-05,0
9151,3.934970226141666e-05,0
9152,8.632934250988731e-05,0
9153,2.3560392645406865e-05,0
9154,8.05531874700018e-05,0
9155,0.00023642327276074217,0
9156,0.00010594718028371784,0
9157,0.00024019808486785721,0
9158,3.174504654971253e-05,0
9159,4.247603977794193e-05,0
9160,1.9762187273951515e-05,0
9161,0.0003001305577484535,0
9162,7.524056854144505e-05,0
9163,3.1262728941605244e-05,0
9164,3.583769976948865e-05,0
9165,0.0001327242281949291,0
9166,3.755488799571651e-05,0
9167,5.024352673025965e-05,0
9168,3.0400951467809878e-05,0
9169,2.1105538427266956e-05,0
9170,4.5561669160252314e-05,0
9171,2.7877714952092515e-05,0
9172,0.00019645782765370724,0
9173,0.00010645429717684213,0
9174,8.523008536546532e-05,0
9175,2.275612914042923e-05,0
9176,1.0171920880644187e-05,0
9177,2.2637186770922408e-05,0
9178,5.642384867774889e-06,0
9179,1.086446126173264e-05,0
9180,3.0746126437070103e-06,0
9181,3.811473984704713e-06,0
9182,2.9087797565980347e-06,0
9183,1.219469704356507e-05,0
9184,1.925230931849413e-05,0
9185,1.1961498346972868e-05,0
9186,4.893992559673267e-06,0
9187,6.238725826402302e-06,0
9188,1.692373522838116e-05,0
9189,2.091936426478644e-05,0
9190,7.563701758743098e-06,0
9191,4.1401244172331944e-06,0
9192,2.9346785452608227e-06,0
9193,1.914143111121279e-05,0
9194,1.6129483566119984e-06,0
9195,1.036129882826293e-06,0
9196,4.518265541253654e-06,0
9197,9.36630955003355e-05,0
9198,1.7654315974358717e-06,0
9199,5.058678036474876e-06,0
9200,1.1326190842776467e-05,0
9201,5.918747634603798e-06,0
9202,3.7375920237964727e-06,0
9203,3.534623985148432e-06,0
9204,4.1409382861796944e-06,0
9205,3.893878139031374e-06,0
9206,3.008338950284514e-06,0
9207,2.4080804829421976e-05,0
9208,5.808578863287882e-06,0
9209,2.5247898723946975e-06,0
9210,5.747167765558373e-06,0
9211,7.931041154849332e-06,0
9212,2.745548607556392e-05,0
9213,1.590602454664279e-05,0
9214,1.0133701246281257e-05,0
9215,6.824654222863535e-06,0
9216,1.3981824962181965e-05,0
9217,1.9457762141599383e-05,0
9218,0.00018050230412989773,0
9219,4.400839555434588e-05,0
9220,3.1679859263864996e-05,0
9221,9.360963574150289e-05,0
9222,2.252596980468583e-05,0
9223,3.646736903116073e-05,0
9224,1.739658969298342e-05,0
9225,1.0235669049675737e-05,0
9226,9.235103195423167e-05,0
9227,3.914213607211451e-06,0
9228,4.529933668096654e-05,0
9229,5.67119383991326e-06,0
9230,7.398312118439105e-06,0
9231,6.915089201139982e-06,0
9232,8.690002487604547e-06,0
9233,5.802870692314077e-06,0
9234,6.0293643638533694e-06,0
9235,8.074994532649767e-06,0
9236,8.874649646707287e-06,0
9237,1.4699559467135516e-05,0
9238,1.918897954451699e-05,0
9239,0.0001775401901339342,0
9240,7.007369805990976e-06,0
9241,6.993889437245592e-06,0
9242,1.9499717212984794e-05,0
9243,1.7857096350464657e-05,0
9244,6.6770592444712145e-06,0
9245,7.767842994803624e-06,0
9246,1.5775706930165875e-05,0
9247,6.366325063625561e-06,0
9248,4.300176448962635e-05,0
9249,8.899674009711203e-06,0
9250,3.4545908443932616e-05,0
9251,1.1664601180335698e-05,0
9252,3.8437061423726556e-05,0
9253,0.00020075843738362567,0
9254,5.916684837990932e-06,0
9255,6.865299195673211e-06,0
9256,2.0543177532696483e-05,0
9257,7.538975814082107e-06,0
9258,7.333334994390494e-06,0
9259,5.360935065571766e-06,0
9260,6.39803492709635e-06,0
9261,0.0005407730032655816,0
9262,8.370733752153319e-06,0
9263,7.29925646523705e-06,0
9264,1.619110305330282e-05,0
9265,6.00634859352027e-06,0
9266,7.503050954954607e-06,0
9267,1.6391530752048393e-05,0
9268,2.013330184480276e-05,0
9269,7.537406032323489e-06,0
9270,7.374717409973973e-06,0
9271,1.4932797624234355e-05,0
9272,9.115207817343033e-06,0
9273,4.005214741167477e-06,0
9274,1.6623009033696314e-05,0
9275,4.9185073374425646e-05,0
9276,5.856252234631578e-06,0
9277,6.57883785806778e-06,0
9278,5.045235980993791e-06,0
9279,2.9866192307634007e-06,0
9280,3.1620947779192325e-06,0
9281,9.955853333903295e-06,0
9282,5.905250396555749e-06,0
9283,9.957606900690114e-05,0
9284,5.4508342902848396e-05,0
9285,5.712332034470767e-06,0
9286,2.8965523989936046e-06,0
9287,4.089146880189264e-06,0
9288,1.2990815158667578e-05,0
9289,6.078683194565068e-06,0
9290,6.555180906345151e-06,0
9291,6.108898227969057e-06,0
9292,5.311024725774691e-06,0
9293,6.344609451460169e-06,0
9294,5.236835737082655e-06,0
9295,3.0972127661097857e-06,0
9296,9.232848492279076e-06,0
9297,5.554887450090004e-06,0
9298,8.707653822111969e-06,0
9299,5.784963184155627e-06,0
9300,8.716635359417043e-06,0
9301,8.060638208250232e-06,0
9302,1.3172256473183796e-05,0
9303,5.378325548283559e-06,0
9304,7.176290073855809e-06,0
9305,5.352939028878126e-06,0
9306,5.35951955722167e-06,0
9307,1.5629750753555174e-05,0
9308,1.1840138287125115e-05,0
9309,4.710472356345212e-06,0
9310,5.6288015521134685e-06,0
9311,7.304220316737448e-06,0
9312,3.4225103437082104e-06,0
9313,4.757557743883405e-06,0
9314,4.976203691472932e-06,0
9315,1.14199132051439e-05,0
9316,3.042833748019369e-06,0
9317,6.968344447782905e-06,0
9318,2.4837328611092297e-06,0
9319,1.0563351271198773e-05,0
9320,5.794814149258657e-06,0
9321,1.4771991374183898e-05,0
9322,3.713940471569563e-05,0
9323,8.759401342378692e-06,0
9324,4.2982253614737944e-05,0
9325,8.150259354073909e-06,0
9326,1.6612395941351753e-05,0
9327,4.088178083412803e-06,0
9328,6.1512665438790535e-06,0
9329,7.464238951180374e-06,0
9330,6.486737040745314e-06,0
9331,1.5881377377265507e-05,0
9332,0.0001695774164234756,0
9333,2.2129449036871703e-05,0
9334,0.00016276093709306278,0
9335,5.097456665877668e-05,0
9336,6.022806854583559e-05,0
9337,4.718750675568911e-06,0
9338,1.0494696073092005e-05,0
9339,5.026428344659554e-05,0
9340,0.001306658620454388,0
9341,3.0030889193170276e-05,0
9342,0.0001001617921724012,0
9343,5.505038900953388e-06,0
9344,3.44628024616334e-05,0
9345,4.7442264850967794e-05,0
9346,0.00014232864284817218,0
9347,9.425198326368817e-06,0
9348,1.4235624781162597e-05,0
9349,6.818671881426004e-06,0
9350,8.755679260918253e-06,0
9351,0.00012421514448035954,0
9352,1.2850267768415479e-05,0
9353,1.53433970252797e-05,0
9354,1.9956496374627636e-05,0
9355,7.414271226908475e-06,0
9356,8.816574382659745e-06,0
9357,2.570531923193115e-05,0
9358,1.4426172988008179e-05,0
9359,9.665646201274725e-05,0
9360,5.421686039717758e-06,0
9361,7.572975470178439e-06,0
9362,2.8880656172302394e-05,0
9363,2.44434791198641e-05,0
9364,3.878580419001959e-05,0
9365,8.036915791290977e-05,0
9366,1.429799601833639e-05,0
9367,0.00011577756776509161,0
9368,9.202872905792298e-06,0
9369,9.052566017531802e-06,0
9370,9.123586047936715e-06,0
9371,3.108709581934293e-05,0
9372,8.142213054974229e-05,0
9373,0.0001134919472193908,0
9374,1.4467424316367123e-05,0
9375,3.780936888779299e-05,0
9376,1.0646722429854292e-05,0
9377,7.809886419253793e-06,0
9378,2.6656831103926247e-05,0
9379,1.973372731968243e-05,0
9380,2.1033469079819817e-05,0
9381,2.353160836659343e-05,0
9382,3.7225008827184335e-05,0
9383,2.139559816734822e-05,0
9384,4.6972958355095135e-05,0
9385,1.0701925971792422e-05,0
9386,6.160254634039481e-06,0
9387,3.549278975506532e-06,0
9388,1.4078454111290004e-05,0
9389,5.651332260675847e-06,0
9390,5.518547267095669e-06,0
9391,7.925081743391869e-06,0
9392,5.478544091445925e-06,0
9393,4.958916185267986e-06,0
9394,7.2834476814139646e-06,0
9395,7.006068305937131e-06,0
9396,6.756152742171178e-06,0
9397,6.821428933384798e-06,0
9398,4.577964082180797e-06,0
9399,5.445237899680384e-06,0
9400,2.6771949499991407e-05,0
9401,9.4392371741018e-05,0
9402,0.00010748716443883825,0
9403,3.585689111569808e-05,0
9404,2.609998720120399e-05,0
9405,4.552342130490064e-05,0
9406,5.468656937821971e-06,0
9407,8.257952772271387e-06,0
9408,5.771065998668934e-06,0
9409,3.433107929714702e-06,0
9410,9.120476174397546e-06,0
9411,0.00040829673986128855,0
9412,1.2079946581868031e-05,0
9413,6.704426780878263e-06,0
9414,2.8700381600319657e-06,0
9415,1.1296171986106554e-05,0
9416,0.0008577311476101303,0
9417,0.011362274965942448,0
9418,0.0035654826023224662,0
9419,0.009683484054285665,0
